#	week	day	japanese	pronounciation	translation	1d	2d	6d	12d	30d	100d	Last studied
57	1	6	部屋	heya	room	FALSE	FALSE	FALSE	FALSE	FALSE	FALSE	1
98	2	3	友達	tomodachi	friend, companion (colloquial)	FALSE	FALSE	FALSE	FALSE	FALSE	FALSE	1
141	3	1	探す	sagasu	search for, look for	FALSE	FALSE	FALSE	FALSE	FALSE	FALSE	1
177	3	4	送る	okuru	send	FALSE	FALSE	FALSE	FALSE	FALSE	FALSE	1
197	3	6	結婚	kekkon	marriage	FALSE	FALSE	FALSE	FALSE	FALSE	FALSE	1
208	3	7	嬉しい	ureshii	happy, glad	FALSE	FALSE	FALSE	FALSE	FALSE	FALSE	1
233	4	3	土曜日	doyoubi	Saturday	FALSE	FALSE	FALSE	FALSE	FALSE	FALSE	1
250	4	4	優しい	yasashii	gentle, kind	FALSE	FALSE	FALSE	FALSE	FALSE	FALSE	1
279	4	7	火曜日	kayoubi	Tuesday	FALSE	FALSE	FALSE	FALSE	FALSE	FALSE	1
280	4	7	渇く	kawaku	be thirsty	FALSE	FALSE	FALSE	FALSE	FALSE	FALSE	1
315	5	4	細い	hosoi	thin, slender	FALSE	FALSE	FALSE	FALSE	FALSE	FALSE	1
367	6	2	万	man	ten thousand	FALSE	FALSE	FALSE	FALSE	FALSE	FALSE	1
397	6	5	百	hyaku	hundred	FALSE	FALSE	FALSE	FALSE	FALSE	FALSE	1
402	6	6	必要	hitsuyou	need, necessary	FALSE	FALSE	FALSE	FALSE	FALSE	FALSE	1
415	6	7	増える	fueru	increase, accrue	FALSE	FALSE	FALSE	FALSE	FALSE	FALSE	1
439	7	2	減る	heru	decrease, diminish	FALSE	FALSE	FALSE	FALSE	FALSE	FALSE	1
447	7	3	事故	jiko	accident, trouble	FALSE	FALSE	FALSE	FALSE	FALSE	FALSE	1
455	7	4	種類	shurui	kind, type	FALSE	FALSE	FALSE	FALSE	FALSE	FALSE	1
464	7	5	薄い	usui	thin, weak	FALSE	FALSE	FALSE	FALSE	FALSE	FALSE	1
473	7	6	砂糖	satou	sugar	FALSE	FALSE	FALSE	FALSE	FALSE	FALSE	1
476	7	6	住所	juusho	address	FALSE	FALSE	FALSE	FALSE	FALSE	FALSE	1
483	7	7	切手	kitte	postage stamp	FALSE	FALSE	FALSE	FALSE	FALSE	FALSE	1
501	8	2	氏名	shimei	full name	FALSE	FALSE	FALSE	FALSE	FALSE	FALSE	1
509	8	2	履く	haku	put on (shoes), wear (pants, skirt)	FALSE	FALSE	FALSE	FALSE	FALSE	FALSE	1
514	8	3	辞書	jisho	dictionary (category)	FALSE	FALSE	FALSE	FALSE	FALSE	FALSE	1
535	8	5	残念	zannen	regretful, disappointing	FALSE	FALSE	FALSE	FALSE	FALSE	FALSE	1
542	8	6	勤める	tsutomeru	serve, hold a job	FALSE	FALSE	FALSE	FALSE	FALSE	FALSE	1
545	8	6	賑やか	nigiyaka	lively, exciting	FALSE	FALSE	FALSE	FALSE	FALSE	FALSE	1
550	8	6	降る	furu	fall, come down (rain, snow, etc.)	FALSE	FALSE	FALSE	FALSE	FALSE	FALSE	1
554	8	7	緩い	yurui	slack, loose	FALSE	FALSE	FALSE	FALSE	FALSE	FALSE	1
567	9	1	醤油	shouyu	soy sauce	FALSE	FALSE	FALSE	FALSE	FALSE	FALSE	1
568	9	1	茶碗	chawan	rice bowl	FALSE	FALSE	FALSE	FALSE	FALSE	FALSE	1
574	9	2	復習	fukushuu	review	FALSE	FALSE	FALSE	FALSE	FALSE	FALSE	1
588	9	3	流行る	hayaru	be in fashion, be popular	FALSE	FALSE	FALSE	FALSE	FALSE	FALSE	1
608	9	5	驚く	odoroku	be surprised, be startled	FALSE	FALSE	FALSE	FALSE	FALSE	FALSE	1
610	9	5	喧嘩	kenka	fight, argument	FALSE	FALSE	FALSE	FALSE	FALSE	FALSE	1
617	9	6	残す	nokosu	leave, leave undone	FALSE	FALSE	FALSE	FALSE	FALSE	FALSE	1
631	10	1	選手	senshu	athlete, (sports) player	FALSE	FALSE	FALSE	FALSE	FALSE	FALSE	1
637	10	1	海外	kaigai	overseas, abroad	FALSE	FALSE	FALSE	FALSE	FALSE	FALSE	1
641	10	2	機械	kikai	machine	FALSE	FALSE	FALSE	FALSE	FALSE	FALSE	1
646	10	2	準備	junbi	preparation, arrangement	FALSE	FALSE	FALSE	FALSE	FALSE	FALSE	1
648	10	2	直接	chokusetsu	directly	FALSE	FALSE	FALSE	FALSE	FALSE	FALSE	1
652	10	3	並ぶ	narabu	line up, be parallel	FALSE	FALSE	FALSE	FALSE	FALSE	FALSE	1
656	10	3	場合	baai	situation, case	FALSE	FALSE	FALSE	FALSE	FALSE	FALSE	1
660	10	3	くし	kushi	comb	FALSE	FALSE	FALSE	FALSE	FALSE	FALSE	1
665	10	4	枕	makura	pillow	FALSE	FALSE	FALSE	FALSE	FALSE	FALSE	1
667	10	4	道路	douro	road	FALSE	FALSE	FALSE	FALSE	FALSE	FALSE	1
678	10	5	家庭	katei	home, family	FALSE	FALSE	FALSE	FALSE	FALSE	FALSE	1
681	10	6	経験	keiken	experience, knowledge	FALSE	FALSE	FALSE	FALSE	FALSE	FALSE	1
684	10	6	注意	chuui	attention, care	FALSE	FALSE	FALSE	FALSE	FALSE	FALSE	1
686	10	6	努力	doryoku	endeavor, effort	FALSE	FALSE	FALSE	FALSE	FALSE	FALSE	1
689	10	6	手術	shujutsu	surgical operation	FALSE	FALSE	FALSE	FALSE	FALSE	FALSE	1
691	10	7	課題	kadai	task, assignment	FALSE	FALSE	FALSE	FALSE	FALSE	FALSE	1
693	10	7	確認	kakunin	confirmation	FALSE	FALSE	FALSE	FALSE	FALSE	FALSE	1
696	10	7	会議	kaigi	conference, meeting	FALSE	FALSE	FALSE	FALSE	FALSE	FALSE	1
697	10	7	提案	teian	proposition, proposal	FALSE	FALSE	FALSE	FALSE	FALSE	FALSE	1
698	10	7	事務所	jimusho	office, one’s place of business	FALSE	FALSE	FALSE	FALSE	FALSE	FALSE	1
699	10	7	教授	kyouju	professor	FALSE	FALSE	FALSE	FALSE	FALSE	FALSE	1
707	11	1	深い	fukai	deep, profound	FALSE	FALSE	FALSE	FALSE	FALSE	FALSE	1
711	11	2	普通	futsuu	normal, regular	FALSE	FALSE	FALSE	FALSE	FALSE	FALSE	1
722	11	3	許す	yurusu	permit, forgive	FALSE	FALSE	FALSE	FALSE	FALSE	FALSE	1
723	11	3	分ける	wakeru	divide, share	FALSE	FALSE	FALSE	FALSE	FALSE	FALSE	1
724	11	3	自然	shizen	nature	FALSE	FALSE	FALSE	FALSE	FALSE	FALSE	1
738	11	4	被る	kaburu	wear, put on (on one’s head)	FALSE	FALSE	FALSE	FALSE	FALSE	FALSE	1
744	11	5	宿題	shukudai	homework	FALSE	FALSE	FALSE	FALSE	FALSE	FALSE	1
751	11	6	改札口	kaisatsuguchi	ticket gate	FALSE	FALSE	FALSE	FALSE	FALSE	FALSE	1
755	11	6	塩	shio	salt	FALSE	FALSE	FALSE	FALSE	FALSE	FALSE	1
760	11	6	無くす	nakusu	lose, get rid of	FALSE	FALSE	FALSE	FALSE	FALSE	FALSE	1
796	12	3	複雑	fukuzatsu	complicated, intricate	FALSE	FALSE	FALSE	FALSE	FALSE	FALSE	1
807	12	4	捨てる	suteru	discard, abandon	FALSE	FALSE	FALSE	FALSE	FALSE	FALSE	1
810	12	4	移す	utsusu	move, transfer	FALSE	FALSE	FALSE	FALSE	FALSE	FALSE	1
813	12	5	空港	kuukou	airport (for public transportation)	FALSE	FALSE	FALSE	FALSE	FALSE	FALSE	1
821	12	6	通う	kayou	go to and from, frequent a place	FALSE	FALSE	FALSE	FALSE	FALSE	FALSE	1
824	12	6	給料	kyuuryou	salary, pay	FALSE	FALSE	FALSE	FALSE	FALSE	FALSE	1
829	12	6	細かい	komakai	minute, fine	FALSE	FALSE	FALSE	FALSE	FALSE	FALSE	1
830	12	6	静か	shizuka	quiet, tranquil	FALSE	FALSE	FALSE	FALSE	FALSE	FALSE	1
831	12	7	健康	kenkou	health	FALSE	FALSE	FALSE	FALSE	FALSE	FALSE	1
834	12	7	頼む	tanomu	order, ask for	FALSE	FALSE	FALSE	FALSE	FALSE	FALSE	1
835	12	7	困る	komaru	be in trouble, not know what to do	FALSE	FALSE	FALSE	FALSE	FALSE	FALSE	1
844	13	1	成績	seiseki	results, grade	FALSE	FALSE	FALSE	FALSE	FALSE	FALSE	1
845	13	1	教科書	kyoukasho	textbook, schoolbook	FALSE	FALSE	FALSE	FALSE	FALSE	FALSE	1
846	13	1	席	seki	seat, one’s place	FALSE	FALSE	FALSE	FALSE	FALSE	FALSE	1
848	13	1	教師	kyoushi	teacher, instructor	FALSE	FALSE	FALSE	FALSE	FALSE	FALSE	1
849	13	1	試験	shiken	exam	FALSE	FALSE	FALSE	FALSE	FALSE	FALSE	1
850	13	1	合格	goukaku	pass an examination	FALSE	FALSE	FALSE	FALSE	FALSE	FALSE	1
855	13	2	壁	kabe	wall, partition	FALSE	FALSE	FALSE	FALSE	FALSE	FALSE	1
858	13	2	倒れる	taoreru	fall over	FALSE	FALSE	FALSE	FALSE	FALSE	FALSE	1
862	13	3	確か	tashika	for sure, for certain	FALSE	FALSE	FALSE	FALSE	FALSE	FALSE	1
866	13	3	着く	tsuku	arrive at, reach	FALSE	FALSE	FALSE	FALSE	FALSE	FALSE	1
868	13	3	飾る	kazaru	decorate	FALSE	FALSE	FALSE	FALSE	FALSE	FALSE	1
871	13	4	贈る	okuru	offer, give	FALSE	FALSE	FALSE	FALSE	FALSE	FALSE	1
872	13	4	訪ねる	tazuneru	visit, go to see	FALSE	FALSE	FALSE	FALSE	FALSE	FALSE	1
874	13	4	相談	soudan	consultation, advice	FALSE	FALSE	FALSE	FALSE	FALSE	FALSE	1
875	13	4	玄関	genkan	entrance, door	FALSE	FALSE	FALSE	FALSE	FALSE	FALSE	1
881	13	5	位置	ichi	position, location	FALSE	FALSE	FALSE	FALSE	FALSE	FALSE	1
885	13	5	島	shima	island (Japanese origin)	FALSE	FALSE	FALSE	FALSE	FALSE	FALSE	1
886	13	5	海岸	kaigan	seashore, coast	FALSE	FALSE	FALSE	FALSE	FALSE	FALSE	1
890	13	5	科学	kagaku	science	FALSE	FALSE	FALSE	FALSE	FALSE	FALSE	1
892	13	6	台風	taifuu	typhoon	FALSE	FALSE	FALSE	FALSE	FALSE	FALSE	1
896	13	6	雑誌	zasshi	magazine, journal	FALSE	FALSE	FALSE	FALSE	FALSE	FALSE	1
898	13	6	大使館	taishikan	embassy	FALSE	FALSE	FALSE	FALSE	FALSE	FALSE	1
899	13	6	故障	koshou	malfunction, breakdown	FALSE	FALSE	FALSE	FALSE	FALSE	FALSE	1
905	13	7	横	yoko	side, width across	FALSE	FALSE	FALSE	FALSE	FALSE	FALSE	1
907	13	7	素晴らしい	subarashii	excellent, wonderful	FALSE	FALSE	FALSE	FALSE	FALSE	FALSE	1
910	13	7	日時	nichiji	date and time	FALSE	FALSE	FALSE	FALSE	FALSE	FALSE	1
911	14	1	夕方	yuugata	early evening, at dusk	FALSE	FALSE	FALSE	FALSE	FALSE	FALSE	1
912	14	1	通る	tooru	pass, go through	FALSE	FALSE	FALSE	FALSE	FALSE	FALSE	1
914	14	1	慣れる	nareru	grow accustomed to, get used to	FALSE	FALSE	FALSE	FALSE	FALSE	FALSE	1
917	14	1	どんどん	dondon	knock, bang	FALSE	FALSE	FALSE	FALSE	FALSE	FALSE	1
919	14	1	逃げる	nigeru	escape, run away	FALSE	FALSE	FALSE	FALSE	FALSE	FALSE	1
921	14	2	値段	nedan	price	FALSE	FALSE	FALSE	FALSE	FALSE	FALSE	1
922	14	2	両方	ryouhou	both	FALSE	FALSE	FALSE	FALSE	FALSE	FALSE	1
924	14	2	一部	ichibu	part	FALSE	FALSE	FALSE	FALSE	FALSE	FALSE	1
928	14	2	旅行	ryokou	travel, trip	FALSE	FALSE	FALSE	FALSE	FALSE	FALSE	1
929	14	2	用意	youi	preparation	FALSE	FALSE	FALSE	FALSE	FALSE	FALSE	1
930	14	2	伸びる	nobiru	stretch, grow	FALSE	FALSE	FALSE	FALSE	FALSE	FALSE	1
937	14	3	振る	furu	wave, shake	FALSE	FALSE	FALSE	FALSE	FALSE	FALSE	1
938	14	3	迎える	mukaeru	welcome, receive (a visitor)	FALSE	FALSE	FALSE	FALSE	FALSE	FALSE	1
941	14	4	有名	yuumei	famous	FALSE	FALSE	FALSE	FALSE	FALSE	FALSE	1
942	14	4	喜ぶ	yorokobu	be happy, be delighted	FALSE	FALSE	FALSE	FALSE	FALSE	FALSE	1
946	14	4	分かれる	wakareru	be divided, split off	FALSE	FALSE	FALSE	FALSE	FALSE	FALSE	1
950	14	4	方向	houkou	direction, course	FALSE	FALSE	FALSE	FALSE	FALSE	FALSE	1
951	14	5	残る	nokoru	remain, be left over	FALSE	FALSE	FALSE	FALSE	FALSE	FALSE	1
953	14	5	まとめる	matomeru	gather together, put in order	FALSE	FALSE	FALSE	FALSE	FALSE	FALSE	1
954	14	5	流れる	nagareru	flow, run	FALSE	FALSE	FALSE	FALSE	FALSE	FALSE	1
957	14	5	洗濯	sentaku	laundry, washing	FALSE	FALSE	FALSE	FALSE	FALSE	FALSE	1
961	14	6	冷める	sameru	cool off	FALSE	FALSE	FALSE	FALSE	FALSE	FALSE	1
966	14	6	野球	yakyuu	baseball	FALSE	FALSE	FALSE	FALSE	FALSE	FALSE	1
969	14	6	眠る	nemuru	sleep, lie idle	FALSE	FALSE	FALSE	FALSE	FALSE	FALSE	1
977	14	7	励ます	hagemasu	encourage, cheer up	FALSE	FALSE	FALSE	FALSE	FALSE	FALSE	1
979	14	7	夢	yume	dream	FALSE	FALSE	FALSE	FALSE	FALSE	FALSE	1
981	15	1	隣	tonari	next to, next door	FALSE	FALSE	FALSE	FALSE	FALSE	FALSE	1
984	15	1	窓	mado	window	FALSE	FALSE	FALSE	FALSE	FALSE	FALSE	1
985	15	1	押す	osu	push, press down	FALSE	FALSE	FALSE	FALSE	FALSE	FALSE	1
988	15	1	通り	toori	street, road	FALSE	FALSE	FALSE	FALSE	FALSE	FALSE	1
990	15	1	夫婦	fuufu	husband and wife, married couple	FALSE	FALSE	FALSE	FALSE	FALSE	FALSE	1
997	15	2	踊る	odoru	dance	FALSE	FALSE	FALSE	FALSE	FALSE	FALSE	1
1000	15	2	秘密	himitsu	secret, privacy	FALSE	FALSE	FALSE	FALSE	FALSE	FALSE	1
1001	15	3	凄い	sugoi	great, incredible	FALSE	FALSE	FALSE	FALSE	FALSE	FALSE	1
1009	15	3	正月	shougatsu	New Year, January	FALSE	FALSE	FALSE	FALSE	FALSE	FALSE	1
1013	15	4	浅い	asai	shallow, superficial	FALSE	FALSE	FALSE	FALSE	FALSE	FALSE	1
1022	15	5	是非	zehi	by all means, please	FALSE	FALSE	FALSE	FALSE	FALSE	FALSE	1
1025	15	5	靴	kutsu	shoes	FALSE	FALSE	FALSE	FALSE	FALSE	FALSE	1
1026	15	5	連絡	renraku	contact, communication	FALSE	FALSE	FALSE	FALSE	FALSE	FALSE	1
1027	15	5	伝言	dengon	message	FALSE	FALSE	FALSE	FALSE	FALSE	FALSE	1
1033	15	6	趣味	shumi	hobby, interest	FALSE	FALSE	FALSE	FALSE	FALSE	FALSE	1
1034	15	6	散歩	sanpo	walk, stroll	FALSE	FALSE	FALSE	FALSE	FALSE	FALSE	1
1036	15	6	安心	anshin	peace of mind, relief	FALSE	FALSE	FALSE	FALSE	FALSE	FALSE	1
1037	15	6	大勢	oozei	large numbers, a lot of (people)	FALSE	FALSE	FALSE	FALSE	FALSE	FALSE	1
1040	15	6	新幹線	shinkansen	bullet train	FALSE	FALSE	FALSE	FALSE	FALSE	FALSE	1
1041	15	7	往復	oufuku	round trip	FALSE	FALSE	FALSE	FALSE	FALSE	FALSE	1
1043	15	7	奥	oku	inner part, the back	FALSE	FALSE	FALSE	FALSE	FALSE	FALSE	1
1045	15	7	親しい	shitashii	intimate, familiar	FALSE	FALSE	FALSE	FALSE	FALSE	FALSE	1
1046	15	7	修理	shuuri	repair, mending	FALSE	FALSE	FALSE	FALSE	FALSE	FALSE	1
1048	15	7	挨拶	aisatsu	greet, greeting	FALSE	FALSE	FALSE	FALSE	FALSE	FALSE	1
1049	15	7	階段	kaidan	steps, flight of stairs	FALSE	FALSE	FALSE	FALSE	FALSE	FALSE	1
1050	15	7	配る	kubaru	hand out, distribute	FALSE	FALSE	FALSE	FALSE	FALSE	FALSE	1
1051	16	1	断る	kotowaru	refuse, turn down	FALSE	FALSE	FALSE	FALSE	FALSE	FALSE	1
1053	16	1	濃い	koi	strong, concentrated	FALSE	FALSE	FALSE	FALSE	FALSE	FALSE	1
1055	16	1	桜	sakura	cherry tree, cherry blossom	FALSE	FALSE	FALSE	FALSE	FALSE	FALSE	1
1061	16	2	案内	annai	guide, guidance	FALSE	FALSE	FALSE	FALSE	FALSE	FALSE	1
1064	16	2	尋ねる	tazuneru	inquire, ask	FALSE	FALSE	FALSE	FALSE	FALSE	FALSE	1
1072	16	3	蹴る	keru	kick	FALSE	FALSE	FALSE	FALSE	FALSE	FALSE	1
1073	16	3	敷く	shiku	lay, spread	FALSE	FALSE	FALSE	FALSE	FALSE	FALSE	1
1075	16	3	交通事故	koutsuujiko	traffic accident	FALSE	FALSE	FALSE	FALSE	FALSE	FALSE	1
1076	16	3	遭う	au	meet, encounter, get caught in	FALSE	FALSE	FALSE	FALSE	FALSE	FALSE	1
1077	16	3	招待	shoutai	invitation	FALSE	FALSE	FALSE	FALSE	FALSE	FALSE	1
1078	16	3	咲く	saku	bloom, blossom	FALSE	FALSE	FALSE	FALSE	FALSE	FALSE	1
1089	16	4	すり	suri	pickpocket	FALSE	FALSE	FALSE	FALSE	FALSE	FALSE	1
1093	16	5	刺す	sasu	sting, stab	FALSE	FALSE	FALSE	FALSE	FALSE	FALSE	1
1095	16	5	沈む	shizumu	sink	FALSE	FALSE	FALSE	FALSE	FALSE	FALSE	1
1096	16	5	組み立てる	kumitateru	set up, put together	FALSE	FALSE	FALSE	FALSE	FALSE	FALSE	1
1097	16	5	恐ろしい	osoroshii	terrible, awful	FALSE	FALSE	FALSE	FALSE	FALSE	FALSE	1
1108	16	6	迷惑	meiwaku	trouble, annoyance	FALSE	FALSE	FALSE	FALSE	FALSE	FALSE	1
1111	16	7	足りる	tariru	suffice, be enough	FALSE	FALSE	FALSE	FALSE	FALSE	FALSE	1
1112	16	7	疲れる	tsukareru	get tired, become fatigued	FALSE	FALSE	FALSE	FALSE	FALSE	FALSE	1
1118	16	7	地下鉄	chikatetsu	subway	FALSE	FALSE	FALSE	FALSE	FALSE	FALSE	1
1119	16	7	駐車場	chuushajou	parking area, parking lot	FALSE	FALSE	FALSE	FALSE	FALSE	FALSE	1
1120	16	7	ぶつかる	butsukaru	hit, bump into	FALSE	FALSE	FALSE	FALSE	FALSE	FALSE	1
1121	17	1	運賃	unchin	(passenger) fare	FALSE	FALSE	FALSE	FALSE	FALSE	FALSE	1
1127	17	1	予約	yoyaku	reservation, appointment	FALSE	FALSE	FALSE	FALSE	FALSE	FALSE	1
1129	17	1	注文	chuumon	order	FALSE	FALSE	FALSE	FALSE	FALSE	FALSE	1
1132	17	2	材料	zairyou	material, ingredient	FALSE	FALSE	FALSE	FALSE	FALSE	FALSE	1
1134	17	2	焼く	yaku	bake, grill	FALSE	FALSE	FALSE	FALSE	FALSE	FALSE	1
1135	17	2	匂い	nioi	(pleasant) smell, odor	FALSE	FALSE	FALSE	FALSE	FALSE	FALSE	1
1137	17	2	痩せる	yaseru	lose weight, become thin	FALSE	FALSE	FALSE	FALSE	FALSE	FALSE	1
1138	17	2	届ける	todokeru	deliver	FALSE	FALSE	FALSE	FALSE	FALSE	FALSE	1
1139	17	2	間に合う	maniau	be in time, suffice	FALSE	FALSE	FALSE	FALSE	FALSE	FALSE	1
1142	17	3	得意	tokui	one’s specialty, be good at	FALSE	FALSE	FALSE	FALSE	FALSE	FALSE	1
1143	17	3	塗る	nuru	spread on, paint	FALSE	FALSE	FALSE	FALSE	FALSE	FALSE	1
1146	17	3	注目	chuumoku	attention, notice	FALSE	FALSE	FALSE	FALSE	FALSE	FALSE	1
1147	17	3	未来	mirai	future	FALSE	FALSE	FALSE	FALSE	FALSE	FALSE	1
1148	17	3	箱	hako	box, case	FALSE	FALSE	FALSE	FALSE	FALSE	FALSE	1
1154	17	4	踏む	fumu	step on, tread on	FALSE	FALSE	FALSE	FALSE	FALSE	FALSE	1
1157	17	4	握る	nigiru	grasp, grip, hold	FALSE	FALSE	FALSE	FALSE	FALSE	FALSE	1
1159	17	4	拾う	hirou	pick up	FALSE	FALSE	FALSE	FALSE	FALSE	FALSE	1
1162	17	5	辞める	yameru	resign, leave (one’s job), quit	FALSE	FALSE	FALSE	FALSE	FALSE	FALSE	1
1163	17	5	揺れる	yureru	shake, sway	FALSE	FALSE	FALSE	FALSE	FALSE	FALSE	1
1164	17	5	立派	rippa	fine, elegant	FALSE	FALSE	FALSE	FALSE	FALSE	FALSE	1
1165	17	5	練習	renshuu	practice, training	FALSE	FALSE	FALSE	FALSE	FALSE	FALSE	1
1166	17	5	割る	waru	divide, split	FALSE	FALSE	FALSE	FALSE	FALSE	FALSE	1
1167	17	5	部分	bubun	part, section	FALSE	FALSE	FALSE	FALSE	FALSE	FALSE	1
1168	17	5	拭く	fuku	wipe, dry	FALSE	FALSE	FALSE	FALSE	FALSE	FALSE	1
1171	17	6	汚れる	yogoreru	become dirty	FALSE	FALSE	FALSE	FALSE	FALSE	FALSE	1
1172	17	6	渡る	wataru	cross, go across	FALSE	FALSE	FALSE	FALSE	FALSE	FALSE	1
1173	17	6	途中	tochuu	on the way, half way	FALSE	FALSE	FALSE	FALSE	FALSE	FALSE	1
1175	17	6	盗む	nusumu	steal, rob	FALSE	FALSE	FALSE	FALSE	FALSE	FALSE	1
1176	17	6	普段	fudan	usual, ordinary	FALSE	FALSE	FALSE	FALSE	FALSE	FALSE	1
1178	17	6	博物館	hakubutsukan	museum	FALSE	FALSE	FALSE	FALSE	FALSE	FALSE	1
1179	17	6	ホーム	ho-mu	platform (for short)	FALSE	FALSE	FALSE	FALSE	FALSE	FALSE	1
1180	17	6	引っ越す	hikkosu	move, relocate	FALSE	FALSE	FALSE	FALSE	FALSE	FALSE	1
1181	17	7	荷物	nimotsu	baggage, load	FALSE	FALSE	FALSE	FALSE	FALSE	FALSE	1
1182	17	7	家賃	yachin	rent	FALSE	FALSE	FALSE	FALSE	FALSE	FALSE	1
1183	17	7	計画	keikaku	plan	FALSE	FALSE	FALSE	FALSE	FALSE	FALSE	1
1184	17	7	廊下	rouka	hallway, corridor	FALSE	FALSE	FALSE	FALSE	FALSE	FALSE	1
1185	17	7	天井	tenjou	ceiling	FALSE	FALSE	FALSE	FALSE	FALSE	FALSE	1
1188	17	7	屋根	yane	roof	FALSE	FALSE	FALSE	FALSE	FALSE	FALSE	1
1189	17	7	祭り	matsuri	festival	FALSE	FALSE	FALSE	FALSE	FALSE	FALSE	1
1190	17	7	離婚	rikon	divorce	FALSE	FALSE	FALSE	FALSE	FALSE	FALSE	1
1193	18	1	燃える	moeru	burn, catch on fire	FALSE	FALSE	FALSE	FALSE	FALSE	FALSE	1
1194	18	1	巻く	maku	roll up, wrap	FALSE	FALSE	FALSE	FALSE	FALSE	FALSE	1
1196	18	1	訪れる	otozureru	go and visit (place)	FALSE	FALSE	FALSE	FALSE	FALSE	FALSE	1
1197	18	1	破る	yaburu	tear, breach	FALSE	FALSE	FALSE	FALSE	FALSE	FALSE	1
1198	18	1	関係	kankei	relation, relationship	FALSE	FALSE	FALSE	FALSE	FALSE	FALSE	1
1199	18	1	録音	rokuon	(sound) recording	FALSE	FALSE	FALSE	FALSE	FALSE	FALSE	1
1200	18	1	不幸	fukou	unhappiness, misfortune	FALSE	FALSE	FALSE	FALSE	FALSE	FALSE	1
1202	18	2	着物	kimono	traditional Japanese clothes	FALSE	FALSE	FALSE	FALSE	FALSE	FALSE	1
1204	18	2	救急車	kyuukyuusha	ambulance	FALSE	FALSE	FALSE	FALSE	FALSE	FALSE	1
1208	18	2	怖い	kowai	scary, be afraid	FALSE	FALSE	FALSE	FALSE	FALSE	FALSE	1
1209	18	2	鏡	kagami	mirror	FALSE	FALSE	FALSE	FALSE	FALSE	FALSE	1
1211	18	3	敬語	keigo	polite speech	FALSE	FALSE	FALSE	FALSE	FALSE	FALSE	1
1212	18	3	欠席	kesseki	absence	FALSE	FALSE	FALSE	FALSE	FALSE	FALSE	1
1214	18	3	掃除	souji	cleaning	FALSE	FALSE	FALSE	FALSE	FALSE	FALSE	1
1215	18	3	畳	tatami	straw mat	FALSE	FALSE	FALSE	FALSE	FALSE	FALSE	1
1219	18	3	弁当	bentou	boxed lunch	FALSE	FALSE	FALSE	FALSE	FALSE	FALSE	1
1221	18	4	寂しい	sabishii	lonely, desolate, sad	FALSE	FALSE	FALSE	FALSE	FALSE	FALSE	1
1223	18	4	尊敬	sonkei	respect, esteem	FALSE	FALSE	FALSE	FALSE	FALSE	FALSE	1
1227	18	4	我慢	gaman	patience, endurance	FALSE	FALSE	FALSE	FALSE	FALSE	FALSE	1
1228	18	4	国籍	kokuseki	nationality, citizenship	FALSE	FALSE	FALSE	FALSE	FALSE	FALSE	1
1229	18	4	恥ずかしい	hazukashii	embarrassed, ashamed	FALSE	FALSE	FALSE	FALSE	FALSE	FALSE	1
1232	18	5	油	abura	oil	FALSE	FALSE	FALSE	FALSE	FALSE	FALSE	1
1236	18	5	正直	shoujiki	honest, upright	FALSE	FALSE	FALSE	FALSE	FALSE	FALSE	1
1239	18	5	水道	suidou	tap water	FALSE	FALSE	FALSE	FALSE	FALSE	FALSE	1
1240	18	5	店員	tenin	clerk, salesperson	FALSE	FALSE	FALSE	FALSE	FALSE	FALSE	1
1243	18	6	握手	akushu	handshake	FALSE	FALSE	FALSE	FALSE	FALSE	FALSE	1
1245	18	6	ぶどう	budou	grapes	FALSE	FALSE	FALSE	FALSE	FALSE	FALSE	1
1246	18	6	迷う	mayou	get lost	FALSE	FALSE	FALSE	FALSE	FALSE	FALSE	1
1247	18	6	見物	kenbutsu	sightseeing, visit	FALSE	FALSE	FALSE	FALSE	FALSE	FALSE	1
1249	18	6	神社	jinja	Shinto shrine	FALSE	FALSE	FALSE	FALSE	FALSE	FALSE	1
1250	18	6	注射	chuusha	injection, shot	FALSE	FALSE	FALSE	FALSE	FALSE	FALSE	1
1251	18	7	めったに	mettani	rarely, seldom	FALSE	FALSE	FALSE	FALSE	FALSE	FALSE	1
1252	18	7	作文	sakubun	composition, essay	FALSE	FALSE	FALSE	FALSE	FALSE	FALSE	1
1254	18	7	真面目	majime	serious and sincere	FALSE	FALSE	FALSE	FALSE	FALSE	FALSE	1
1255	18	7	申し込む	moushikomu	apply, sign up	FALSE	FALSE	FALSE	FALSE	FALSE	FALSE	1
1256	18	7	冷蔵庫	reizouko	refrigerator	FALSE	FALSE	FALSE	FALSE	FALSE	FALSE	1
1260	18	7	誕生日	tanjoubi	birthday	FALSE	FALSE	FALSE	FALSE	FALSE	FALSE	1
1261	19	1	独身	dokushin	single, unmarried	FALSE	FALSE	FALSE	FALSE	FALSE	FALSE	1
1262	19	1	苦い	nigai	bitter	FALSE	FALSE	FALSE	FALSE	FALSE	FALSE	1
1266	19	1	切符	kippu	ticket	FALSE	FALSE	FALSE	FALSE	FALSE	FALSE	1
1269	19	1	随分	zuibun	extremely, considerably	FALSE	FALSE	FALSE	FALSE	FALSE	FALSE	1
1270	19	1	引っ張る	hipparu	pull, drag	FALSE	FALSE	FALSE	FALSE	FALSE	FALSE	1
1272	19	2	鉛筆	enpitsu	pencil	FALSE	FALSE	FALSE	FALSE	FALSE	FALSE	1
1273	19	2	会話	kaiwa	conversation	FALSE	FALSE	FALSE	FALSE	FALSE	FALSE	1
1278	19	2	禁煙	kinen	non-smoking	FALSE	FALSE	FALSE	FALSE	FALSE	FALSE	1
1281	19	3	喫茶店	kissaten	coffee shop, café	FALSE	FALSE	FALSE	FALSE	FALSE	FALSE	1
1283	19	3	週刊誌	shuukanshi	weekly magazine	FALSE	FALSE	FALSE	FALSE	FALSE	FALSE	1
1284	19	3	棚	tana	shelf, rack	FALSE	FALSE	FALSE	FALSE	FALSE	FALSE	1
1285	19	3	震える	furueru	tremble, shake	FALSE	FALSE	FALSE	FALSE	FALSE	FALSE	1
1286	19	3	磨く	migaku	polish, grind	FALSE	FALSE	FALSE	FALSE	FALSE	FALSE	1
1288	19	3	火事	kaji	fire, blaze	FALSE	FALSE	FALSE	FALSE	FALSE	FALSE	1
1292	19	4	付く	tsuku	stick to, cling to	FALSE	FALSE	FALSE	FALSE	FALSE	FALSE	1
1294	19	4	結構	kekkou	quite	FALSE	FALSE	FALSE	FALSE	FALSE	FALSE	1
1296	19	4	広まる	hiromaru	spread, get around	FALSE	FALSE	FALSE	FALSE	FALSE	FALSE	1
1297	19	4	内緒	naisho	secrecy, privacy	FALSE	FALSE	FALSE	FALSE	FALSE	FALSE	1
1298	19	4	つぶる	tsuburu	close (eyes)	FALSE	FALSE	FALSE	FALSE	FALSE	FALSE	1
1299	19	4	用件	youken	matter, things to be done	FALSE	FALSE	FALSE	FALSE	FALSE	FALSE	1
1301	19	5	貯金	chokin	savings, deposit	FALSE	FALSE	FALSE	FALSE	FALSE	FALSE	1
1303	19	5	預かる	azukaru	take care of, keep	FALSE	FALSE	FALSE	FALSE	FALSE	FALSE	1
1305	19	5	噛む	kamu	bite, chew	FALSE	FALSE	FALSE	FALSE	FALSE	FALSE	1
1307	19	5	越える	koeru	go over, go across	FALSE	FALSE	FALSE	FALSE	FALSE	FALSE	1
1308	19	5	小包	kodutsumi	parcel, package	FALSE	FALSE	FALSE	FALSE	FALSE	FALSE	1
1310	19	5	配達	haitatsu	delivery	FALSE	FALSE	FALSE	FALSE	FALSE	FALSE	1
1312	19	6	封筒	fuutou	envelope	FALSE	FALSE	FALSE	FALSE	FALSE	FALSE	1
1313	19	6	危ない	abunai	dangerous	FALSE	FALSE	FALSE	FALSE	FALSE	FALSE	1
1317	19	6	水泳	suiei	swimming	FALSE	FALSE	FALSE	FALSE	FALSE	FALSE	1
1318	19	6	混む	komu	be crowded, be congested	FALSE	FALSE	FALSE	FALSE	FALSE	FALSE	1
1320	19	6	取れる	toreru	come off, be removed	FALSE	FALSE	FALSE	FALSE	FALSE	FALSE	1
1323	19	7	郵便	yuubin	mail service, postal mail	FALSE	FALSE	FALSE	FALSE	FALSE	FALSE	1
1324	19	7	割れる	wareru	crack, split	FALSE	FALSE	FALSE	FALSE	FALSE	FALSE	1
1329	19	7	曲げる	mageru	bend (something)	FALSE	FALSE	FALSE	FALSE	FALSE	FALSE	1
1331	20	1	理科	rika	science (school subject)	FALSE	FALSE	FALSE	FALSE	FALSE	FALSE	1
1334	20	1	冷房	reibou	air conditioning (cooling)	FALSE	FALSE	FALSE	FALSE	FALSE	FALSE	1
1335	20	1	別れる	wakareru	separate, part	FALSE	FALSE	FALSE	FALSE	FALSE	FALSE	1
1339	20	1	指輪	yubiwa	ring	FALSE	FALSE	FALSE	FALSE	FALSE	FALSE	1
1340	20	1	腐る	kusaru	rot, go bad	FALSE	FALSE	FALSE	FALSE	FALSE	FALSE	1
1341	20	2	貧乏	binbou	poverty, destitution	FALSE	FALSE	FALSE	FALSE	FALSE	FALSE	1
1342	20	2	おしゃれ	oshare	trendy, fashionable	FALSE	FALSE	FALSE	FALSE	FALSE	FALSE	1
1343	20	2	休憩	kyuukei	break	FALSE	FALSE	FALSE	FALSE	FALSE	FALSE	1
1344	20	2	舌	shita	tongue	FALSE	FALSE	FALSE	FALSE	FALSE	FALSE	1
1347	20	2	朝刊	choukan	morning edition paper	FALSE	FALSE	FALSE	FALSE	FALSE	FALSE	1
1348	20	2	丁寧	teinei	polite, careful	FALSE	FALSE	FALSE	FALSE	FALSE	FALSE	1
1349	20	2	苦手	nigate	not good at, be bad at	FALSE	FALSE	FALSE	FALSE	FALSE	FALSE	1
1351	20	3	引っ越し	hikkoshi	moving (house)	FALSE	FALSE	FALSE	FALSE	FALSE	FALSE	1
1352	20	3	歩道	hodou	sidewalk, pavement	FALSE	FALSE	FALSE	FALSE	FALSE	FALSE	1
1353	20	3	折れる	oreru	break, snap	FALSE	FALSE	FALSE	FALSE	FALSE	FALSE	1
1356	20	3	この間	konoaida	the other day, not so long ago	FALSE	FALSE	FALSE	FALSE	FALSE	FALSE	1
1357	20	3	冷える	hieru	cool down, get chilled	FALSE	FALSE	FALSE	FALSE	FALSE	FALSE	1
1361	20	4	黒板	kokuban	blackboard	FALSE	FALSE	FALSE	FALSE	FALSE	FALSE	1
1362	20	4	積もる	tsumoru	pile up	FALSE	FALSE	FALSE	FALSE	FALSE	FALSE	1
1364	20	4	現在	genzai	the present, present time	FALSE	FALSE	FALSE	FALSE	FALSE	FALSE	1
1365	20	4	利用	riyou	utilization, usage	FALSE	FALSE	FALSE	FALSE	FALSE	FALSE	1
1366	20	4	方法	houhou	method, procedure	FALSE	FALSE	FALSE	FALSE	FALSE	FALSE	1
1367	20	4	中心	chuushin	center (of a circle, etc.), core	FALSE	FALSE	FALSE	FALSE	FALSE	FALSE	1
1369	20	4	社長	shachou	president (of a company)	FALSE	FALSE	FALSE	FALSE	FALSE	FALSE	1
1370	20	4	ほぼ	hobo	almost, nearly	FALSE	FALSE	FALSE	FALSE	FALSE	FALSE	1
1371	20	5	商品	shouhin	goods, commodities	FALSE	FALSE	FALSE	FALSE	FALSE	FALSE	1
1372	20	5	大型	oogata	large, large scale	FALSE	FALSE	FALSE	FALSE	FALSE	FALSE	1
1374	20	5	記録	kiroku	record, documentation	FALSE	FALSE	FALSE	FALSE	FALSE	FALSE	1
1375	20	5	具体的	gutaiteki	concrete, specific	FALSE	FALSE	FALSE	FALSE	FALSE	FALSE	1
1376	20	5	効果	kouka	effect, result	FALSE	FALSE	FALSE	FALSE	FALSE	FALSE	1
1377	20	5	公開	koukai	opening (to the public)	FALSE	FALSE	FALSE	FALSE	FALSE	FALSE	1
1378	20	5	作品	sakuhin	work of art, creation	FALSE	FALSE	FALSE	FALSE	FALSE	FALSE	1
1379	20	5	迫る	semaru	close in on, approach	FALSE	FALSE	FALSE	FALSE	FALSE	FALSE	1
1380	20	5	大会	taikai	tournament, event	FALSE	FALSE	FALSE	FALSE	FALSE	FALSE	1
1381	20	6	背景	haikei	background, backdrop	FALSE	FALSE	FALSE	FALSE	FALSE	FALSE	1
1382	20	6	文字	moji	character, letter, writing	FALSE	FALSE	FALSE	FALSE	FALSE	FALSE	1
1383	20	6	規則	kisoku	rule, regulation	FALSE	FALSE	FALSE	FALSE	FALSE	FALSE	1
1384	20	6	近所	kinjo	neighborhood	FALSE	FALSE	FALSE	FALSE	FALSE	FALSE	1
1386	20	6	首都	shuto	capital	FALSE	FALSE	FALSE	FALSE	FALSE	FALSE	1
1387	20	6	減らす	herasu	reduce (something)	FALSE	FALSE	FALSE	FALSE	FALSE	FALSE	1
1388	20	6	隠れる	kakureru	hide	FALSE	FALSE	FALSE	FALSE	FALSE	FALSE	1
1389	20	6	美術館	bijutsukan	art museum	FALSE	FALSE	FALSE	FALSE	FALSE	FALSE	1
1391	20	7	暇	hima	free time, spare time	FALSE	FALSE	FALSE	FALSE	FALSE	FALSE	1
1392	20	7	絵葉書	ehagaki	picture postcard	FALSE	FALSE	FALSE	FALSE	FALSE	FALSE	1
1395	20	7	通勤	tsuukin	commute	FALSE	FALSE	FALSE	FALSE	FALSE	FALSE	1
1398	20	7	緊張	kinchou	tension, strain	FALSE	FALSE	FALSE	FALSE	FALSE	FALSE	1
1399	20	7	気付く	kiduku	notice, realize	FALSE	FALSE	FALSE	FALSE	FALSE	FALSE	1
1400	20	7	物語	monogatari	story, tale	FALSE	FALSE	FALSE	FALSE	FALSE	FALSE	1
1402	21	1	登る	noboru	climb, go up	FALSE	FALSE	FALSE	FALSE	FALSE	FALSE	1
1404	21	1	下ろす	orosu	bring down, take down	FALSE	FALSE	FALSE	FALSE	FALSE	FALSE	1
1405	21	1	貸し出す	kashidasu	lend, lend out	FALSE	FALSE	FALSE	FALSE	FALSE	FALSE	1
1407	21	1	暖房	danbou	heating	FALSE	FALSE	FALSE	FALSE	FALSE	FALSE	1
1408	21	1	手袋	tebukuro	gloves	FALSE	FALSE	FALSE	FALSE	FALSE	FALSE	1
1409	21	1	留守	rusu	not at home	FALSE	FALSE	FALSE	FALSE	FALSE	FALSE	1
1410	21	1	嘘	uso	lie	FALSE	FALSE	FALSE	FALSE	FALSE	FALSE	1
1411	21	2	遠慮	enryo	restraint, hold back	FALSE	FALSE	FALSE	FALSE	FALSE	FALSE	1
1412	21	2	折る	oru	break (something), fold (something)	FALSE	FALSE	FALSE	FALSE	FALSE	FALSE	1
1415	21	2	可哀相	kawaisou	poor, pitiful	FALSE	FALSE	FALSE	FALSE	FALSE	FALSE	1
1418	21	2	毛布	moufu	blanket	FALSE	FALSE	FALSE	FALSE	FALSE	FALSE	1
1420	21	2	お嬢さん	ojousan	young lady, daughter	FALSE	FALSE	FALSE	FALSE	FALSE	FALSE	1
1421	21	3	手帳	techou	pocket notebook	FALSE	FALSE	FALSE	FALSE	FALSE	FALSE	1
1423	21	3	売店	baiten	booth, shop	FALSE	FALSE	FALSE	FALSE	FALSE	FALSE	1
1425	21	3	謝る	ayamaru	apologize	FALSE	FALSE	FALSE	FALSE	FALSE	FALSE	1
1427	21	3	天気予報	tenkiyohou	weather forecast	FALSE	FALSE	FALSE	FALSE	FALSE	FALSE	1
1429	21	3	一生懸命	isshoukenmei	hard-working, doing one’s best	FALSE	FALSE	FALSE	FALSE	FALSE	FALSE	1
1430	21	3	間違う	machigau	make a mistake, be wrong	FALSE	FALSE	FALSE	FALSE	FALSE	FALSE	1
1431	21	4	事務室	jimushitsu	office	FALSE	FALSE	FALSE	FALSE	FALSE	FALSE	1
1435	21	4	脱ぐ	nugu	take off (clothes)	FALSE	FALSE	FALSE	FALSE	FALSE	FALSE	1
1436	21	4	年賀状	nenkajou	New Year’s card	FALSE	FALSE	FALSE	FALSE	FALSE	FALSE	1
1438	21	4	布団	futon	Japanese-style padded mattress	FALSE	FALSE	FALSE	FALSE	FALSE	FALSE	1
1439	21	4	役に立つ	yakunitatsu	be useful, be helpful	FALSE	FALSE	FALSE	FALSE	FALSE	FALSE	1
1440	21	4	破れる	yabureru	tear, rip open	FALSE	FALSE	FALSE	FALSE	FALSE	FALSE	1
1446	21	5	冷やす	hiyasu	chill (something), cool down	FALSE	FALSE	FALSE	FALSE	FALSE	FALSE	1
1447	21	5	片付ける	katazukeru	put in order, clean up	FALSE	FALSE	FALSE	FALSE	FALSE	FALSE	1
1448	21	5	乾杯	kanpai	toast, drink (in celebration)	FALSE	FALSE	FALSE	FALSE	FALSE	FALSE	1
1449	21	5	停車	teisha	stop (of a train)	FALSE	FALSE	FALSE	FALSE	FALSE	FALSE	1
1450	21	5	鳴く	naku	sing, cry (of animals)	FALSE	FALSE	FALSE	FALSE	FALSE	FALSE	1
1452	21	6	片道	katamichi	one way (trip)	FALSE	FALSE	FALSE	FALSE	FALSE	FALSE	1
1453	21	6	交番	kouban	police box	FALSE	FALSE	FALSE	FALSE	FALSE	FALSE	1
1454	21	6	大分	daibu	greatly, fairly, highly	FALSE	FALSE	FALSE	FALSE	FALSE	FALSE	1
1456	21	6	梅雨	tsuyu	rainy season	FALSE	FALSE	FALSE	FALSE	FALSE	FALSE	1
1460	21	6	偉い	erai	great, eminent	FALSE	FALSE	FALSE	FALSE	FALSE	FALSE	1
1462	21	7	炊く	taku	cook (rice)	FALSE	FALSE	FALSE	FALSE	FALSE	FALSE	1
1465	21	7	踏切	fumikiri	railroad crossing	FALSE	FALSE	FALSE	FALSE	FALSE	FALSE	1
1468	21	7	怒る	okoru	get angry, scold	FALSE	FALSE	FALSE	FALSE	FALSE	FALSE	1
1469	21	7	化粧	keshou	makeup	FALSE	FALSE	FALSE	FALSE	FALSE	FALSE	1
1470	21	7	都合	tsugou	convenience, availability	FALSE	FALSE	FALSE	FALSE	FALSE	FALSE	1
1472	22	1	本棚	hondana	bookshelf, bookcase	FALSE	FALSE	FALSE	FALSE	FALSE	FALSE	1
1474	22	1	沸く	waku	boil, get loud (crowd applause etc.)	FALSE	FALSE	FALSE	FALSE	FALSE	FALSE	1
1476	22	1	押し入れ	oshiire	sliding-door closet	FALSE	FALSE	FALSE	FALSE	FALSE	FALSE	1
1478	22	1	ぐっすり	gussuri	soundly	FALSE	FALSE	FALSE	FALSE	FALSE	FALSE	1
1479	22	1	紅茶	koucha	black tea	FALSE	FALSE	FALSE	FALSE	FALSE	FALSE	1
1480	22	1	邪魔	jama	disturbance, blocking	FALSE	FALSE	FALSE	FALSE	FALSE	FALSE	1
1482	22	2	足す	tasu	add (things of the same kind)	FALSE	FALSE	FALSE	FALSE	FALSE	FALSE	1
1485	22	2	発車	hassha	departure (of a vehicle)	FALSE	FALSE	FALSE	FALSE	FALSE	FALSE	1
1487	22	2	おかず	okazu	dishes to go with the rice	FALSE	FALSE	FALSE	FALSE	FALSE	FALSE	1
1492	22	3	読書	dokusho	reading books	FALSE	FALSE	FALSE	FALSE	FALSE	FALSE	1
1495	22	3	傷める	itameru	damage, hurt	FALSE	FALSE	FALSE	FALSE	FALSE	FALSE	1
1497	22	3	泥棒	dorobou	thief, burglar	FALSE	FALSE	FALSE	FALSE	FALSE	FALSE	1
1498	22	3	襖	fusuma	paper sliding door	FALSE	FALSE	FALSE	FALSE	FALSE	FALSE	1
1502	22	4	冗談	joudan	joke	FALSE	FALSE	FALSE	FALSE	FALSE	FALSE	1
1503	22	4	近付く	chikaduku	approach, come close	FALSE	FALSE	FALSE	FALSE	FALSE	FALSE	1
1506	22	4	干す（ほす）	hosu	hang (something) out to dry	FALSE	FALSE	FALSE	FALSE	FALSE	FALSE	1
1507	22	4	金額	kingaku	amount of money, sum	FALSE	FALSE	FALSE	FALSE	FALSE	FALSE	1
1508	22	4	蚊	ka	mosquito	FALSE	FALSE	FALSE	FALSE	FALSE	FALSE	1
1511	22	5	失礼	shitsurei	rudeness, to excuse oneself	FALSE	FALSE	FALSE	FALSE	FALSE	FALSE	1
1512	22	5	洗濯機	sentakuki	washing machine, washer	FALSE	FALSE	FALSE	FALSE	FALSE	FALSE	1
1513	22	5	豆腐	toufu	tofu	FALSE	FALSE	FALSE	FALSE	FALSE	FALSE	1
1518	22	5	億	oku	hundred million	FALSE	FALSE	FALSE	FALSE	FALSE	FALSE	1
1519	22	5	お礼	orei	thanks, gratitude	FALSE	FALSE	FALSE	FALSE	FALSE	FALSE	1
1520	22	5	着せる	kiseru	dress (someone)	FALSE	FALSE	FALSE	FALSE	FALSE	FALSE	1
1523	22	6	四角	shikaku	square	FALSE	FALSE	FALSE	FALSE	FALSE	FALSE	1
1524	22	6	急行	kyukou	express train	FALSE	FALSE	FALSE	FALSE	FALSE	FALSE	1
1525	22	6	交差点	kousaten	crossing, intersection	FALSE	FALSE	FALSE	FALSE	FALSE	FALSE	1
1526	22	6	覚める	sameru	awake, wake up (naturally)	FALSE	FALSE	FALSE	FALSE	FALSE	FALSE	1
1530	22	6	皆様	minasama	everyone, ladies and gentlemen	FALSE	FALSE	FALSE	FALSE	FALSE	FALSE	1
1534	22	7	転ぶ	korobu	fall down, fall over	FALSE	FALSE	FALSE	FALSE	FALSE	FALSE	1
1536	22	7	扇風機	senpuuki	electric fan	FALSE	FALSE	FALSE	FALSE	FALSE	FALSE	1
1537	22	7	遅刻	chikoku	tardiness, lateness	FALSE	FALSE	FALSE	FALSE	FALSE	FALSE	1
1538	22	7	釣る	tsuru	fish, catch	FALSE	FALSE	FALSE	FALSE	FALSE	FALSE	1
1540	22	7	仮名	kana	kana	FALSE	FALSE	FALSE	FALSE	FALSE	FALSE	1
1541	23	1	記念日	kinenbi	memorial day, anniversary	FALSE	FALSE	FALSE	FALSE	FALSE	FALSE	1
1542	23	1	下り	kudari	downhill, going down	FALSE	FALSE	FALSE	FALSE	FALSE	FALSE	1
1543	23	1	掲示板	keijiban	notice board, bulletin board	FALSE	FALSE	FALSE	FALSE	FALSE	FALSE	1
1544	23	1	凍る	kooru	freeze	FALSE	FALSE	FALSE	FALSE	FALSE	FALSE	1
1547	23	1	ぶらぶら	burabura	wander, walk around	FALSE	FALSE	FALSE	FALSE	FALSE	FALSE	1
1549	23	1	自炊	jisui	cooking (for oneself)	FALSE	FALSE	FALSE	FALSE	FALSE	FALSE	1
1553	23	2	箸	hashi	chopsticks	FALSE	FALSE	FALSE	FALSE	FALSE	FALSE	1
1555	23	2	引き出し	hikidashi	drawer	FALSE	FALSE	FALSE	FALSE	FALSE	FALSE	1
1557	23	2	いかが	ikaga	how	FALSE	FALSE	FALSE	FALSE	FALSE	FALSE	1
1558	23	2	交通費	koutsuuhi	traveling expense, transportation fee	FALSE	FALSE	FALSE	FALSE	FALSE	FALSE	1
1560	23	2	再会	saikai	meeting again, reunion	FALSE	FALSE	FALSE	FALSE	FALSE	FALSE	1
1561	23	3	滑る	suberu	slide, slip	FALSE	FALSE	FALSE	FALSE	FALSE	FALSE	1
1563	23	3	裏返す	uragaesu	turn over, turn inside out	FALSE	FALSE	FALSE	FALSE	FALSE	FALSE	1
1566	23	3	三角	sankaku	figure, area etc.	FALSE	FALSE	FALSE	FALSE	FALSE	FALSE	1
1567	23	3	激しい	hageshii	violent, intense	FALSE	FALSE	FALSE	FALSE	FALSE	FALSE	1
1568	23	3	経営	keiei	management, operation	FALSE	FALSE	FALSE	FALSE	FALSE	FALSE	1
1569	23	3	拡大	kakudai	magnification, enlargement	FALSE	FALSE	FALSE	FALSE	FALSE	FALSE	1
1570	23	3	姿勢	shisei	posture, attitude	FALSE	FALSE	FALSE	FALSE	FALSE	FALSE	1
1571	23	4	周辺	shuuhen	area, region	FALSE	FALSE	FALSE	FALSE	FALSE	FALSE	1
1573	23	4	達する	tassuru	attain, reach	FALSE	FALSE	FALSE	FALSE	FALSE	FALSE	1
1574	23	4	当時	touji	at that time	FALSE	FALSE	FALSE	FALSE	FALSE	FALSE	1
1576	23	4	能力	nouryoku	capability, performance ability of machine, etc.	FALSE	FALSE	FALSE	FALSE	FALSE	FALSE	1
1577	23	4	判断	handan	judgment, decision	FALSE	FALSE	FALSE	FALSE	FALSE	FALSE	1
1578	23	4	過ぎる	sugiru	pass by, go past	FALSE	FALSE	FALSE	FALSE	FALSE	FALSE	1
1579	23	4	正確	seikaku	accurate, precise	FALSE	FALSE	FALSE	FALSE	FALSE	FALSE	1
1580	23	4	戦争	sensou	war between countries	FALSE	FALSE	FALSE	FALSE	FALSE	FALSE	1
1581	23	5	放送	housou	broadcasting	FALSE	FALSE	FALSE	FALSE	FALSE	FALSE	1
1582	23	5	習慣	shuukan	custom, habit	FALSE	FALSE	FALSE	FALSE	FALSE	FALSE	1
1587	23	5	吹く	fuku	blow, play (a wind instrument)	FALSE	FALSE	FALSE	FALSE	FALSE	FALSE	1
1591	23	6	出身	shusshin	come from, origin	FALSE	FALSE	FALSE	FALSE	FALSE	FALSE	1
1595	23	6	名簿	Meibo	name list	FALSE	FALSE	FALSE	FALSE	FALSE	FALSE	1
1596	23	6	通常	Tsuujou	common, usually, typically	FALSE	FALSE	FALSE	FALSE	FALSE	FALSE	1
1597	23	6	家内	kanai	one’s wife	FALSE	FALSE	FALSE	FALSE	FALSE	FALSE	1
1598	23	6	消防署	Shoubousho	fire station	FALSE	FALSE	FALSE	FALSE	FALSE	FALSE	1
1599	23	6	再び	Futatabi	again, a second time	FALSE	FALSE	FALSE	FALSE	FALSE	FALSE	1
1600	23	6	大統領	Daitouryou	president (of a country)	FALSE	FALSE	FALSE	FALSE	FALSE	FALSE	1
1601	23	7	入場券	Nyuujouken	entrance ticket	FALSE	FALSE	FALSE	FALSE	FALSE	FALSE	1
1605	23	7	かゆい	kayui	itchy	FALSE	FALSE	FALSE	FALSE	FALSE	FALSE	1
1606	23	7	覚ます	samasu	awaken, wake up	FALSE	FALSE	FALSE	FALSE	FALSE	FALSE	1
1609	23	7	特急	tokkyuu	super-express	FALSE	FALSE	FALSE	FALSE	FALSE	FALSE	1
1610	23	7	のり	Nori	glue, starch	FALSE	FALSE	FALSE	FALSE	FALSE	FALSE	1
1611	24	1	大抵	たいてい	generally, mostly	FALSE	FALSE	FALSE	FALSE	FALSE	FALSE	1
1613	24	1	酔っ払う	yopparau	get drunk	FALSE	FALSE	FALSE	FALSE	FALSE	FALSE	1
1617	24	1	味噌汁	misoshiru	miso soup	FALSE	FALSE	FALSE	FALSE	FALSE	FALSE	1
1624	24	2	突き当たる	tsukiataru	run into, come to the end (of a road)	FALSE	FALSE	FALSE	FALSE	FALSE	FALSE	1
1625	24	2	乾かす	kawakasu	dry (something)	FALSE	FALSE	FALSE	FALSE	FALSE	FALSE	1
1626	24	2	定期券	Teikiken	commuter pass	FALSE	FALSE	FALSE	FALSE	FALSE	FALSE	1
1628	24	2	下る	kudaru	go down, go away from	FALSE	FALSE	FALSE	FALSE	FALSE	FALSE	1
1633	24	3	灰皿	haizara	ashtray	FALSE	FALSE	FALSE	FALSE	FALSE	FALSE	1
1635	24	3	床	yuka	floor	FALSE	FALSE	FALSE	FALSE	FALSE	FALSE	1
1640	24	3	停留所	teiryuujo	(bus) stop	FALSE	FALSE	FALSE	FALSE	FALSE	FALSE	1
1641	24	4	床屋	tokoya	barber, barbershop	FALSE	FALSE	FALSE	FALSE	FALSE	FALSE	1
1642	24	4	歯磨き	hamigaki	brushing one’s teeth	FALSE	FALSE	FALSE	FALSE	FALSE	FALSE	1
1644	24	4	酔っ払い	yopparai	drunkard, drunk	FALSE	FALSE	FALSE	FALSE	FALSE	FALSE	1
1645	24	4	例	Rei	example	FALSE	FALSE	FALSE	FALSE	FALSE	FALSE	1
1646	24	4	お辞儀	Ojigi	bow	FALSE	FALSE	FALSE	FALSE	FALSE	FALSE	1
1647	24	4	横断歩道	Oudan hodou	pedestrian crossing, crosswalk	FALSE	FALSE	FALSE	FALSE	FALSE	FALSE	1
1648	24	4	ぐらぐら	guragura	shaky, unstable	FALSE	FALSE	FALSE	FALSE	FALSE	FALSE	1
1649	24	4	航空便	Koukuubin	airmail, airfreight	FALSE	FALSE	FALSE	FALSE	FALSE	FALSE	1
1652	24	5	畳む	tatamu	fold, shut, close	FALSE	FALSE	FALSE	FALSE	FALSE	FALSE	1
1654	24	5	日陰	hikage	shade of the sun	FALSE	FALSE	FALSE	FALSE	FALSE	FALSE	1
1655	24	5	文房具	bunbougu	stationery, writing materials	FALSE	FALSE	FALSE	FALSE	FALSE	FALSE	1
1656	24	5	免許証	menkyoshou	license	FALSE	FALSE	FALSE	FALSE	FALSE	FALSE	1
1657	24	5	訳す	yakusu	translate	FALSE	FALSE	FALSE	FALSE	FALSE	FALSE	1
1659	24	5	両替	ryougae	money exchange	FALSE	FALSE	FALSE	FALSE	FALSE	FALSE	1
1660	24	5	片付く	kataduku	be put in order, be finished	FALSE	FALSE	FALSE	FALSE	FALSE	FALSE	1
1664	24	6	鍋	nabe	pan	FALSE	FALSE	FALSE	FALSE	FALSE	FALSE	1
1665	24	6	寝坊	nebou	oversleeping	FALSE	FALSE	FALSE	FALSE	FALSE	FALSE	1
1666	24	6	鋏	hasami	scissors	FALSE	FALSE	FALSE	FALSE	FALSE	FALSE	1
1668	24	6	汚す	yogosu	make (something) dirty	FALSE	FALSE	FALSE	FALSE	FALSE	FALSE	1
1670	24	6	掛け算	kakezan	multiplication	FALSE	FALSE	FALSE	FALSE	FALSE	FALSE	1
1671	24	7	臭い	kusai	stinky	FALSE	FALSE	FALSE	FALSE	FALSE	FALSE	1
1672	24	7	突き当たり	tsukiatari	end of a street	FALSE	FALSE	FALSE	FALSE	FALSE	FALSE	1
1674	24	7	桃	momo	peach	FALSE	FALSE	FALSE	FALSE	FALSE	FALSE	1
1676	24	7	あくび	akubi	yawn	FALSE	FALSE	FALSE	FALSE	FALSE	FALSE	1
1678	24	7	上り	nobori	going up, ascent	FALSE	FALSE	FALSE	FALSE	FALSE	FALSE	1
1679	24	7	なるべく	narubeku	as…as possible, if possible	FALSE	FALSE	FALSE	FALSE	FALSE	FALSE	1
1680	24	7	じっと	jitto	without moving, still	FALSE	FALSE	FALSE	FALSE	FALSE	FALSE	1
1681	25	1	食器	shokki	tableware	FALSE	FALSE	FALSE	FALSE	FALSE	FALSE	1
1682	25	1	延ばす	nobasu	extend, postpone	FALSE	FALSE	FALSE	FALSE	FALSE	FALSE	1
1683	25	1	薬局	yakkyoku	drugstore, pharmacy	FALSE	FALSE	FALSE	FALSE	FALSE	FALSE	1
1684	25	1	雄	osu	male (animal)	FALSE	FALSE	FALSE	FALSE	FALSE	FALSE	1
1685	25	1	雌	mesu	female (animal)	FALSE	FALSE	FALSE	FALSE	FALSE	FALSE	1
1686	25	1	和風	wafuu	Japanese inspired	FALSE	FALSE	FALSE	FALSE	FALSE	FALSE	1
1687	25	1	いびき	ibiki	snoring	FALSE	FALSE	FALSE	FALSE	FALSE	FALSE	1
1689	25	1	地域	chiiki	region, area	FALSE	FALSE	FALSE	FALSE	FALSE	FALSE	1
1690	25	1	勘違い	kanchigai	misunderstanding, wrong idea or assumption	FALSE	FALSE	FALSE	FALSE	FALSE	FALSE	1
1691	25	2	重要	juuyou	important, essential	FALSE	FALSE	FALSE	FALSE	FALSE	FALSE	1
1693	25	2	お宅	otaku	(someone else’s) home	FALSE	FALSE	FALSE	FALSE	FALSE	FALSE	1
1695	25	2	畑	hatake	field, farm	FALSE	FALSE	FALSE	FALSE	FALSE	FALSE	1
1699	25	2	柔らか	yawaraka	soft, gentle	FALSE	FALSE	FALSE	FALSE	FALSE	FALSE	1
1700	25	2	納豆	natto	fermented soybeans	FALSE	FALSE	FALSE	FALSE	FALSE	FALSE	1
1702	25	3	どうしても	Doushitemo	by any means, really	FALSE	FALSE	FALSE	FALSE	FALSE	FALSE	1
1704	25	3	誘う	sasou	invite, ask out	FALSE	FALSE	FALSE	FALSE	FALSE	FALSE	1
1706	25	3	昼前	hirumae	in the morning, before noon	FALSE	FALSE	FALSE	FALSE	FALSE	FALSE	1
1707	25	3	ふらふら	furafura	be dizzy, lightheaded	FALSE	FALSE	FALSE	FALSE	FALSE	FALSE	1
1708	25	3	こぼす	kobosu	spill (something)	FALSE	FALSE	FALSE	FALSE	FALSE	FALSE	1
1710	25	3	振り向く	Furimuku	turn around, look back	FALSE	FALSE	FALSE	FALSE	FALSE	FALSE	1
1711	25	4	洗面所	Senmenjou	washroom, bathroom	FALSE	FALSE	FALSE	FALSE	FALSE	FALSE	1
1713	25	4	段々	dandan	gradually, little by little	FALSE	FALSE	FALSE	FALSE	FALSE	FALSE	1
1715	25	4	無くなる	nakunaru	get lost, go missing	FALSE	FALSE	FALSE	FALSE	FALSE	FALSE	1
1716	25	4	豚	buta	pig	FALSE	FALSE	FALSE	FALSE	FALSE	FALSE	1
1717	25	4	褒める	homeru	praise, compliment	FALSE	FALSE	FALSE	FALSE	FALSE	FALSE	1
1718	25	4	沸かす	wakasu	boil (water)	FALSE	FALSE	FALSE	FALSE	FALSE	FALSE	1
1719	25	4	暖める	atatameru	warm (something) up	FALSE	FALSE	FALSE	FALSE	FALSE	FALSE	1
1720	25	4	換える	kaeru	exchange, convert	FALSE	FALSE	FALSE	FALSE	FALSE	FALSE	1
1724	25	5	いよいよ	iyoiyo	finally, any moment	FALSE	FALSE	FALSE	FALSE	FALSE	FALSE	1
1725	25	5	がらがら	garagara	not crowded	FALSE	FALSE	FALSE	FALSE	FALSE	FALSE	1
1726	25	5	缶詰	kantzume	canned food	FALSE	FALSE	FALSE	FALSE	FALSE	FALSE	1
1727	25	5	怪我	kega	injury	FALSE	FALSE	FALSE	FALSE	FALSE	FALSE	1
1729	25	5	祝日	shukujitsu	holiday	FALSE	FALSE	FALSE	FALSE	FALSE	FALSE	1
1731	25	6	葉書	hagaki	postcard	FALSE	FALSE	FALSE	FALSE	FALSE	FALSE	1
1732	25	6	掃く	haku	sweep	FALSE	FALSE	FALSE	FALSE	FALSE	FALSE	1
1733	25	6	何しろ	nanishiro	anyhow, as you may know	FALSE	FALSE	FALSE	FALSE	FALSE	FALSE	1
1734	25	6	どんどん	dondon	quickly, rapidly	FALSE	FALSE	FALSE	FALSE	FALSE	FALSE	1
1735	25	6	ぺこぺこ	pekopeko	hungry, starving	FALSE	FALSE	FALSE	FALSE	FALSE	FALSE	1
1741	25	7	大幅	oohaba	drastically, substantially	FALSE	FALSE	FALSE	FALSE	FALSE	FALSE	1
1742	25	7	教育	Kyouiku	education	FALSE	FALSE	FALSE	FALSE	FALSE	FALSE	1
1743	25	7	工事	Kouji	construction, repairing	FALSE	FALSE	FALSE	FALSE	FALSE	FALSE	1
1744	25	7	担当	tantou	person in charge (of official duties)	FALSE	FALSE	FALSE	FALSE	FALSE	FALSE	1
1745	25	7	法律	Houritsu	law	FALSE	FALSE	FALSE	FALSE	FALSE	FALSE	1
1747	25	7	発表	happyo	announcement	FALSE	FALSE	FALSE	FALSE	FALSE	FALSE	1
1748	25	7	研究	kenkyuu	research, study	FALSE	FALSE	FALSE	FALSE	FALSE	FALSE	1
1749	25	7	一方	ippou	one way, the other party	FALSE	FALSE	FALSE	FALSE	FALSE	FALSE	1
1751	26	1	全体	zentai	whole, total	FALSE	FALSE	FALSE	FALSE	FALSE	FALSE	1
1752	26	1	後	nochi	after, afterward	FALSE	FALSE	FALSE	FALSE	FALSE	FALSE	1
1753	26	1	人間	ningen	human being	FALSE	FALSE	FALSE	FALSE	FALSE	FALSE	1
1754	26	1	刺身	sashimi	sliced raw fish or meat	FALSE	FALSE	FALSE	FALSE	FALSE	FALSE	1
1757	26	1	以下	ika	below	FALSE	FALSE	FALSE	FALSE	FALSE	FALSE	1
1759	26	1	訳	wake	reason, sense	FALSE	FALSE	FALSE	FALSE	FALSE	FALSE	1
1760	26	1	違い	chigai	difference, mistake	FALSE	FALSE	FALSE	FALSE	FALSE	FALSE	1
1761	26	2	しっかり	shikkari	mature, responsible	FALSE	FALSE	FALSE	FALSE	FALSE	FALSE	1
1762	26	2	将来	Shourai	future, in the future	FALSE	FALSE	FALSE	FALSE	FALSE	FALSE	1
1763	26	2	不思議	fushigi	mystery, wonder	FALSE	FALSE	FALSE	FALSE	FALSE	FALSE	1
1764	26	2	決して	kesshite	never, by no means	FALSE	FALSE	FALSE	FALSE	FALSE	FALSE	1
1765	26	2	失敗	shippai	failure, mistake	FALSE	FALSE	FALSE	FALSE	FALSE	FALSE	1
1767	26	2	出会う	deau	meet, encounter	FALSE	FALSE	FALSE	FALSE	FALSE	FALSE	1
1768	26	2	悩む	nayamu	be troubled, suffer	FALSE	FALSE	FALSE	FALSE	FALSE	FALSE	1
1769	26	2	汗	ase	sweat	FALSE	FALSE	FALSE	FALSE	FALSE	FALSE	1
1770	26	2	すっかり	sukkari	all, completely	FALSE	FALSE	FALSE	FALSE	FALSE	FALSE	1
1772	26	3	一言	hitokoto	single word, brief speech	FALSE	FALSE	FALSE	FALSE	FALSE	FALSE	1
1773	26	3	豊か	yutaka	rich, ample	FALSE	FALSE	FALSE	FALSE	FALSE	FALSE	1
1774	26	3	接続	setsuzoku	connection, joining	FALSE	FALSE	FALSE	FALSE	FALSE	FALSE	1
1775	26	3	抱える	kakaeru	hold in one’s arms	FALSE	FALSE	FALSE	FALSE	FALSE	FALSE	1
1778	26	3	無駄	muda	pointless, waste	FALSE	FALSE	FALSE	FALSE	FALSE	FALSE	1
1779	26	3	自動	jidou	automatic operation	FALSE	FALSE	FALSE	FALSE	FALSE	FALSE	1
1780	26	3	先輩	senpai	senior, superior	FALSE	FALSE	FALSE	FALSE	FALSE	FALSE	1
1781	26	4	眺める	nagameru	look out, gaze	FALSE	FALSE	FALSE	FALSE	FALSE	FALSE	1
1782	26	4	書類	Shorui	documents, papers	FALSE	FALSE	FALSE	FALSE	FALSE	FALSE	1
1783	26	4	年月	nengetsu	years, period of time	FALSE	FALSE	FALSE	FALSE	FALSE	FALSE	1
1785	26	4	線路	senro	railway track, line	FALSE	FALSE	FALSE	FALSE	FALSE	FALSE	1
1786	26	4	水着	mizugi	bathing suit, swimsuit	FALSE	FALSE	FALSE	FALSE	FALSE	FALSE	1
1788	26	4	仲良し	nakayoshi	good friend	FALSE	FALSE	FALSE	FALSE	FALSE	FALSE	1
1789	26	4	梅干し	umeboshi	pickled plum	FALSE	FALSE	FALSE	FALSE	FALSE	FALSE	1
1791	26	5	尽くす	tsukusu	make utmost efforts, devote to	FALSE	FALSE	FALSE	FALSE	FALSE	FALSE	1
1792	26	5	地球	chikyuu	the earth	FALSE	FALSE	FALSE	FALSE	FALSE	FALSE	1
1794	26	5	からから	karakara	very thirsty, very dry	FALSE	FALSE	FALSE	FALSE	FALSE	FALSE	1
1795	26	5	本箱	honbako	bookcase	FALSE	FALSE	FALSE	FALSE	FALSE	FALSE	1
1798	26	5	加工	kakou	processing	FALSE	FALSE	FALSE	FALSE	FALSE	FALSE	1
1799	26	5	実験	jikken	experiment	FALSE	FALSE	FALSE	FALSE	FALSE	FALSE	1
1803	26	6	表	omote	front, outside	FALSE	FALSE	FALSE	FALSE	FALSE	FALSE	1
1804	26	6	汚れ	yogore	dirt, blot	FALSE	FALSE	FALSE	FALSE	FALSE	FALSE	1
1806	26	6	紫	murasaki	purple	FALSE	FALSE	FALSE	FALSE	FALSE	FALSE	1
1809	26	6	顎	ago	jaw, chin	FALSE	FALSE	FALSE	FALSE	FALSE	FALSE	1
1811	26	7	暖まる	atatameru	get warm	FALSE	FALSE	FALSE	FALSE	FALSE	FALSE	1
1812	26	7	お世辞	oseji	compliment, flattery	FALSE	FALSE	FALSE	FALSE	FALSE	FALSE	1
1813	26	7	袋	fukuro	bag, sack	FALSE	FALSE	FALSE	FALSE	FALSE	FALSE	1
1817	26	7	景色	keshiki	natural scenery or landscape	FALSE	FALSE	FALSE	FALSE	FALSE	FALSE	1
1818	26	7	ざあざあ	zaazaa	pouring	FALSE	FALSE	FALSE	FALSE	FALSE	FALSE	1
1820	26	7	泊める	tomeru	let (someone) stay over	FALSE	FALSE	FALSE	FALSE	FALSE	FALSE	1
1821	27	1	叱る	shikaru	scold, reprimand	FALSE	FALSE	FALSE	FALSE	FALSE	FALSE	1
1822	27	1	騒ぐ	sawagu	make a noise, make a racket	FALSE	FALSE	FALSE	FALSE	FALSE	FALSE	1
1823	27	1	車道	Shadou	road, roadway (for cars)	FALSE	FALSE	FALSE	FALSE	FALSE	FALSE	1
1824	27	1	掃除機	Soujiki	vacuum cleaner	FALSE	FALSE	FALSE	FALSE	FALSE	FALSE	1
1825	27	1	剃る	soru	shave	FALSE	FALSE	FALSE	FALSE	FALSE	FALSE	1
1826	27	1	貼る	haru	stick, paste, put	FALSE	FALSE	FALSE	FALSE	FALSE	FALSE	1
1827	27	1	台	dai	stand, table	FALSE	FALSE	FALSE	FALSE	FALSE	FALSE	1
1828	27	1	主に	omoni	mostly, predominantly	FALSE	FALSE	FALSE	FALSE	FALSE	FALSE	1
1829	27	1	倒す	taosu	knock down, overthrow	FALSE	FALSE	FALSE	FALSE	FALSE	FALSE	1
1832	27	2	爪	tsume	nail, claw	FALSE	FALSE	FALSE	FALSE	FALSE	FALSE	1
1833	27	2	缶	kan	can, tin	FALSE	FALSE	FALSE	FALSE	FALSE	FALSE	1
1834	27	2	とんとん	tonton	tapping, patting	FALSE	FALSE	FALSE	FALSE	FALSE	FALSE	1
1835	27	2	袖	sode	sleeve	FALSE	FALSE	FALSE	FALSE	FALSE	FALSE	1
1836	27	2	濡れる	nureru	get wet	FALSE	FALSE	FALSE	FALSE	FALSE	FALSE	1
1839	27	2	拍手	hakushu	applause, clapping	FALSE	FALSE	FALSE	FALSE	FALSE	FALSE	1
1840	27	2	弾く	hiku	play (instruments)	FALSE	FALSE	FALSE	FALSE	FALSE	FALSE	1
1841	27	3	ひも	himo	laces, string	FALSE	FALSE	FALSE	FALSE	FALSE	FALSE	1
1842	27	3	昼過ぎ	hirusugi	early afternoon	FALSE	FALSE	FALSE	FALSE	FALSE	FALSE	1
1843	27	3	船	fune	ship, vessel	FALSE	FALSE	FALSE	FALSE	FALSE	FALSE	1
1844	27	3	まく	maku	scatter, sprinkle	FALSE	FALSE	FALSE	FALSE	FALSE	FALSE	1
1845	27	3	姪	mei	niece	FALSE	FALSE	FALSE	FALSE	FALSE	FALSE	1
1846	27	3	個人	kojin	individual person	FALSE	FALSE	FALSE	FALSE	FALSE	FALSE	1
1847	27	3	歌手	kashu	singer	FALSE	FALSE	FALSE	FALSE	FALSE	FALSE	1
1849	27	3	不動産屋	fudousanya	real estate agent	FALSE	FALSE	FALSE	FALSE	FALSE	FALSE	1
1850	27	3	最大	saidai	biggest, largest	FALSE	FALSE	FALSE	FALSE	FALSE	FALSE	1
1852	27	4	事件	jiken	affair, incident	FALSE	FALSE	FALSE	FALSE	FALSE	FALSE	1
1853	27	4	過去	kako	the past	FALSE	FALSE	FALSE	FALSE	FALSE	FALSE	1
1855	27	4	時期	jiki	time, season	FALSE	FALSE	FALSE	FALSE	FALSE	FALSE	1
1856	27	4	経つ	tatsu	pass, elapse	FALSE	FALSE	FALSE	FALSE	FALSE	FALSE	1
1857	27	4	雷	kaminari	thunder, lightning	FALSE	FALSE	FALSE	FALSE	FALSE	FALSE	1
1858	27	4	責任	sekinin	responsibility	FALSE	FALSE	FALSE	FALSE	FALSE	FALSE	1
1859	27	4	願う	negau	wish, desire	FALSE	FALSE	FALSE	FALSE	FALSE	FALSE	1
1860	27	4	発見	hakken	discovery, revelation	FALSE	FALSE	FALSE	FALSE	FALSE	FALSE	1
1862	27	5	美容院	byouin	hair salon	FALSE	FALSE	FALSE	FALSE	FALSE	FALSE	1
1863	27	5	状況	joukyou	state of affairs, conditions	FALSE	FALSE	FALSE	FALSE	FALSE	FALSE	1
1864	27	5	目的	mokuteki	objective, purpose	FALSE	FALSE	FALSE	FALSE	FALSE	FALSE	1
1865	27	5	企業	kigyou	corporation, business	FALSE	FALSE	FALSE	FALSE	FALSE	FALSE	1
1867	27	5	漫画	manga	comics, cartoon	FALSE	FALSE	FALSE	FALSE	FALSE	FALSE	1
1868	27	5	温泉	onsen	hot spring	FALSE	FALSE	FALSE	FALSE	FALSE	FALSE	1
1870	27	5	噂	uwasa	gossip, rumor	FALSE	FALSE	FALSE	FALSE	FALSE	FALSE	1
1871	27	6	本物	honmono	real, truly worthy (things, people)	FALSE	FALSE	FALSE	FALSE	FALSE	FALSE	1
1873	27	6	地下	chika	underground	FALSE	FALSE	FALSE	FALSE	FALSE	FALSE	1
1876	27	6	出張	shucchou	business trip	FALSE	FALSE	FALSE	FALSE	FALSE	FALSE	1
1877	27	6	コック	kokku	cook, chef	FALSE	FALSE	FALSE	FALSE	FALSE	FALSE	1
1878	27	6	正午	shougo	noon	FALSE	FALSE	FALSE	FALSE	FALSE	FALSE	1
1881	27	7	歓迎	kangei	welcome, greet	FALSE	FALSE	FALSE	FALSE	FALSE	FALSE	1
1882	27	7	開発	kaihatsu	development	FALSE	FALSE	FALSE	FALSE	FALSE	FALSE	1
1883	27	7	郵便屋さん	yuubinyasan	mail carrier	FALSE	FALSE	FALSE	FALSE	FALSE	FALSE	1
1886	27	7	灰	hai	ashes	FALSE	FALSE	FALSE	FALSE	FALSE	FALSE	1
1887	27	7	骨	hone	bone	FALSE	FALSE	FALSE	FALSE	FALSE	FALSE	1
1888	27	7	風呂屋	furoya	bathhouse, public bath	FALSE	FALSE	FALSE	FALSE	FALSE	FALSE	1
1889	27	7	細か	komaka	small, fine, detailed	FALSE	FALSE	FALSE	FALSE	FALSE	FALSE	1
1890	27	7	行き	yuki	going, bound for (traditional reading)	FALSE	FALSE	FALSE	FALSE	FALSE	FALSE	1
1891	28	1	人々	hitobito	people	FALSE	FALSE	FALSE	FALSE	FALSE	FALSE	1
1893	28	1	鶏	niwatori	rooster, hen	FALSE	FALSE	FALSE	FALSE	FALSE	FALSE	1
1894	28	1	港	minato	port, harbor	FALSE	FALSE	FALSE	FALSE	FALSE	FALSE	1
1895	28	1	移る	utsuru	move, shift	FALSE	FALSE	FALSE	FALSE	FALSE	FALSE	1
1896	28	1	異なる	kotonaru	differ	FALSE	FALSE	FALSE	FALSE	FALSE	FALSE	1
1897	28	1	提供	teikyou	offer, provide	FALSE	FALSE	FALSE	FALSE	FALSE	FALSE	1
1898	28	1	市民	shimin	citizens	FALSE	FALSE	FALSE	FALSE	FALSE	FALSE	1
1899	28	1	患者	kanja	patient	FALSE	FALSE	FALSE	FALSE	FALSE	FALSE	1
1900	28	1	元旦	gantan	morning of the January 1st, New Year’s Day	FALSE	FALSE	FALSE	FALSE	FALSE	FALSE	1
1901	28	2	柔らかい	yawarakai	soft, gentle	FALSE	FALSE	FALSE	FALSE	FALSE	FALSE	1
1902	28	2	似合う	niau	suit, match well	FALSE	FALSE	FALSE	FALSE	FALSE	FALSE	1
1904	28	2	背中	senaka	(one’s) back	FALSE	FALSE	FALSE	FALSE	FALSE	FALSE	1
1905	28	2	肌	hada	human skin, surface	FALSE	FALSE	FALSE	FALSE	FALSE	FALSE	1
1906	28	2	順番	junban	order, turn	FALSE	FALSE	FALSE	FALSE	FALSE	FALSE	1
1907	28	2	まとも	matomo	sane, reasonable	FALSE	FALSE	FALSE	FALSE	FALSE	FALSE	1
1909	28	2	思わず	omowazu	unintentionally, unconsciously	FALSE	FALSE	FALSE	FALSE	FALSE	FALSE	1
1911	28	3	もったいない	mottainai	wasteful, a shame	FALSE	FALSE	FALSE	FALSE	FALSE	FALSE	1
1912	28	3	情報	jouhou	information	FALSE	FALSE	FALSE	FALSE	FALSE	FALSE	1
1913	28	3	諦める	akirameru	abandon, give up	FALSE	FALSE	FALSE	FALSE	FALSE	FALSE	1
1914	28	3	懐かしい	natsukashii	fondly-remembered, long-forgotten	FALSE	FALSE	FALSE	FALSE	FALSE	FALSE	1
1915	28	3	怪しい	ayashii	suspicious, dubious	FALSE	FALSE	FALSE	FALSE	FALSE	FALSE	1
1918	28	3	早速	sassoku	immediately, right away	FALSE	FALSE	FALSE	FALSE	FALSE	FALSE	1
1919	28	3	偶然	guuzen	by chance, coincidence	FALSE	FALSE	FALSE	FALSE	FALSE	FALSE	1
1920	28	3	続き	tsuduki	continuation, sequel	FALSE	FALSE	FALSE	FALSE	FALSE	FALSE	1
1921	28	4	合計	goukei	sum, total	FALSE	FALSE	FALSE	FALSE	FALSE	FALSE	1
1922	28	4	傷	kizu	wound, scar	FALSE	FALSE	FALSE	FALSE	FALSE	FALSE	1
1923	28	4	面倒	mendou	troublesome, difficult	FALSE	FALSE	FALSE	FALSE	FALSE	FALSE	1
1924	28	4	具合	guai	condition, health	FALSE	FALSE	FALSE	FALSE	FALSE	FALSE	1
1925	28	4	中止	chuushi	suspension, cancellation	FALSE	FALSE	FALSE	FALSE	FALSE	FALSE	1
1926	28	4	手続き	tetsuduki	procedure, proceeding	FALSE	FALSE	FALSE	FALSE	FALSE	FALSE	1
1927	28	4	結果	kekka	result, outcome	FALSE	FALSE	FALSE	FALSE	FALSE	FALSE	1
1928	28	4	建設	kensetsu	construction (of a building, road, bridge, etc.)	FALSE	FALSE	FALSE	FALSE	FALSE	FALSE	1
1929	28	4	販売	hanbai	sale, selling	FALSE	FALSE	FALSE	FALSE	FALSE	FALSE	1
1930	28	4	機能	kinou	function, feature	FALSE	FALSE	FALSE	FALSE	FALSE	FALSE	1
1931	28	5	頃	koro	time, the time when ~	FALSE	FALSE	FALSE	FALSE	FALSE	FALSE	1
1932	28	5	日中	Nicchuu	during the day	FALSE	FALSE	FALSE	FALSE	FALSE	FALSE	1
1933	28	5	今後	Kongo	in the future, from now on	FALSE	FALSE	FALSE	FALSE	FALSE	FALSE	1
1934	28	5	影響	eikyou	influence, effect	FALSE	FALSE	FALSE	FALSE	FALSE	FALSE	1
1935	28	5	分野	bunya	field, area	FALSE	FALSE	FALSE	FALSE	FALSE	FALSE	1
1936	28	5	関する	kansuru	relate to, regarding	FALSE	FALSE	FALSE	FALSE	FALSE	FALSE	1
1937	28	5	状態	joutai	state, condition	FALSE	FALSE	FALSE	FALSE	FALSE	FALSE	1
1938	28	5	価格	kakaku	price, value	FALSE	FALSE	FALSE	FALSE	FALSE	FALSE	1
1939	28	5	姿	sugata	figure, appearance	FALSE	FALSE	FALSE	FALSE	FALSE	FALSE	1
1940	28	5	期待	kitai	expectation, anticipation	FALSE	FALSE	FALSE	FALSE	FALSE	FALSE	1
1941	28	6	除く	nozoku	remove, exclude	FALSE	FALSE	FALSE	FALSE	FALSE	FALSE	1
1942	28	6	一般	ippan	general, common	FALSE	FALSE	FALSE	FALSE	FALSE	FALSE	1
1943	28	6	表現	hyougen	expression	FALSE	FALSE	FALSE	FALSE	FALSE	FALSE	1
1944	28	6	完成	kansei	completion, finish making or building something	FALSE	FALSE	FALSE	FALSE	FALSE	FALSE	1
1945	28	6	変化	henka	change, alteration	FALSE	FALSE	FALSE	FALSE	FALSE	FALSE	1
1946	28	6	参加	sanka	participation	FALSE	FALSE	FALSE	FALSE	FALSE	FALSE	1
1947	28	6	土地	tochi	land	FALSE	FALSE	FALSE	FALSE	FALSE	FALSE	1
1948	28	6	検討	kentou	examination and consideration	FALSE	FALSE	FALSE	FALSE	FALSE	FALSE	1
1949	28	6	開始	kaishi	beginning	FALSE	FALSE	FALSE	FALSE	FALSE	FALSE	1
1950	28	6	備える	sonaete	provide for, prepare for	FALSE	FALSE	FALSE	FALSE	FALSE	FALSE	1
1951	28	7	内容	naiyou	content	FALSE	FALSE	FALSE	FALSE	FALSE	FALSE	1
1952	28	7	与える	ataeru	give (formal)	FALSE	FALSE	FALSE	FALSE	FALSE	FALSE	1
1953	28	7	広がる	hirogaru	spread out, extend	FALSE	FALSE	FALSE	FALSE	FALSE	FALSE	1
1954	28	7	事実	jijitsu	fact, truth	FALSE	FALSE	FALSE	FALSE	FALSE	FALSE	1
1955	28	7	決定	kettei	decision	FALSE	FALSE	FALSE	FALSE	FALSE	FALSE	1
1956	28	7	住宅	juutaku	housing, residence	FALSE	FALSE	FALSE	FALSE	FALSE	FALSE	1
1957	28	7	代表	daihyou	representative	FALSE	FALSE	FALSE	FALSE	FALSE	FALSE	1
1958	28	7	命令	meirei	command, order	FALSE	FALSE	FALSE	FALSE	FALSE	FALSE	1
1960	28	7	なお	Nao	still, in addition	FALSE	FALSE	FALSE	FALSE	FALSE	FALSE	1
1961	29	1	計算	keisan	calculation	FALSE	FALSE	FALSE	FALSE	FALSE	FALSE	1
1962	29	1	可能	kanou	possible, potential	FALSE	FALSE	FALSE	FALSE	FALSE	FALSE	1
1963	29	1	報告	houkoku	report	FALSE	FALSE	FALSE	FALSE	FALSE	FALSE	1
1964	29	1	都市	toshi	city, town	FALSE	FALSE	FALSE	FALSE	FALSE	FALSE	1
1965	29	1	政治	seiji	politics	FALSE	FALSE	FALSE	FALSE	FALSE	FALSE	1
1966	29	1	競争	kyousou	competition	FALSE	FALSE	FALSE	FALSE	FALSE	FALSE	1
1967	29	1	原因	genin	cause, origin	FALSE	FALSE	FALSE	FALSE	FALSE	FALSE	1
1968	29	1	活動	katsudou	activity	FALSE	FALSE	FALSE	FALSE	FALSE	FALSE	1
1969	29	1	歴史	rekishi	history	FALSE	FALSE	FALSE	FALSE	FALSE	FALSE	1
1970	29	1	表	hyou	table, list	FALSE	FALSE	FALSE	FALSE	FALSE	FALSE	1
1972	29	2	土産	miyage	souvenir (plain)	FALSE	FALSE	FALSE	FALSE	FALSE	FALSE	1
1973	29	2	臭い	nioi	(bad) smell	FALSE	FALSE	FALSE	FALSE	FALSE	FALSE	1
1974	29	2	現金	genkin	cash	FALSE	FALSE	FALSE	FALSE	FALSE	FALSE	1
1976	29	2	寄る	yoru	stop by, stop off	FALSE	FALSE	FALSE	FALSE	FALSE	FALSE	1
1977	29	2	田舎	inaka	hometown, countryside	FALSE	FALSE	FALSE	FALSE	FALSE	FALSE	1
1978	29	2	帰宅	kitaku	return home, come home	FALSE	FALSE	FALSE	FALSE	FALSE	FALSE	1
1979	29	2	重大	juudai	important, serious	FALSE	FALSE	FALSE	FALSE	FALSE	FALSE	1
1981	29	3	稼ぐ	kasegu	earn, make money	FALSE	FALSE	FALSE	FALSE	FALSE	FALSE	1
1982	29	3	左右	sayuu	right and left	FALSE	FALSE	FALSE	FALSE	FALSE	FALSE	1
1983	29	3	痛み	itami	pain, ache	FALSE	FALSE	FALSE	FALSE	FALSE	FALSE	1
1984	29	3	誤解	gokai	misunderstanding	FALSE	FALSE	FALSE	FALSE	FALSE	FALSE	1
1985	29	3	文句	monku	complaint, grumble	FALSE	FALSE	FALSE	FALSE	FALSE	FALSE	1
1986	29	3	欧米	oubei	Europe and America	FALSE	FALSE	FALSE	FALSE	FALSE	FALSE	1
1987	29	3	面接	mensetsu	interview	FALSE	FALSE	FALSE	FALSE	FALSE	FALSE	1
1989	29	3	年中	nenjuu	all year	FALSE	FALSE	FALSE	FALSE	FALSE	FALSE	1
1990	29	3	機嫌	kigen	mood, health	FALSE	FALSE	FALSE	FALSE	FALSE	FALSE	1
1991	29	4	居間	ima	living room	FALSE	FALSE	FALSE	FALSE	FALSE	FALSE	1
1992	29	4	度々	tabitabi	often	FALSE	FALSE	FALSE	FALSE	FALSE	FALSE	1
1993	29	4	例文	reibun	example sentence	FALSE	FALSE	FALSE	FALSE	FALSE	FALSE	1
1994	29	4	怠ける	namakeru	be lazy, slack off	FALSE	FALSE	FALSE	FALSE	FALSE	FALSE	1
1995	29	4	転勤	tenkin	change of job location, relocation	FALSE	FALSE	FALSE	FALSE	FALSE	FALSE	1
1996	29	4	政府	seifu	government, administration	FALSE	FALSE	FALSE	FALSE	FALSE	FALSE	1
1997	29	4	所有	shoyuu	ownership, own	FALSE	FALSE	FALSE	FALSE	FALSE	FALSE	1
2000	29	4	教会	kyoukai	church	FALSE	FALSE	FALSE	FALSE	FALSE	FALSE	1
2001	29	5	ご存知	gozonji	know (honorific)	FALSE	FALSE	FALSE	FALSE	FALSE	FALSE	1
2002	29	5	雀	suzume	sparrow	FALSE	FALSE	FALSE	FALSE	FALSE	FALSE	1
2003	29	5	適当	tekitou	proper, adequate	FALSE	FALSE	FALSE	FALSE	FALSE	FALSE	1
2006	29	5	体重	taijuu	body weight	FALSE	FALSE	FALSE	FALSE	FALSE	FALSE	1
2007	29	5	どうせ	douse	anyway	FALSE	FALSE	FALSE	FALSE	FALSE	FALSE	1
2009	29	5	湖	mizuumi	lake	FALSE	FALSE	FALSE	FALSE	FALSE	FALSE	1
2010	29	5	とうとう	toutou	finally, in the end	FALSE	FALSE	FALSE	FALSE	FALSE	FALSE	1
2012	29	6	悔しい	kuyashii	frustrating, regrettable	FALSE	FALSE	FALSE	FALSE	FALSE	FALSE	1
2013	29	6	姉妹	shimai	sisters	FALSE	FALSE	FALSE	FALSE	FALSE	FALSE	1
2014	29	6	助かる	tasukaru	be helped, be rescued	FALSE	FALSE	FALSE	FALSE	FALSE	FALSE	1
2015	29	6	手前	temae	in front	FALSE	FALSE	FALSE	FALSE	FALSE	FALSE	1
2017	29	6	ついで	tsuide	on the way, to take the opportunity	FALSE	FALSE	FALSE	FALSE	FALSE	FALSE	1
2018	29	6	すっきり	sukkiri	refreshed	FALSE	FALSE	FALSE	FALSE	FALSE	FALSE	1
2019	29	6	とんでもない	tondemonai	unthinkable, outrageous	FALSE	FALSE	FALSE	FALSE	FALSE	FALSE	1
2020	29	6	坂	saka	slope, hill	FALSE	FALSE	FALSE	FALSE	FALSE	FALSE	1
2021	29	7	飛び込む	tobikomu	dive into, jump into	FALSE	FALSE	FALSE	FALSE	FALSE	FALSE	1
2024	29	7	看護婦	kangofu	female nurse	FALSE	FALSE	FALSE	FALSE	FALSE	FALSE	1
2025	29	7	就職	shuushoku	finding a job, getting a job	FALSE	FALSE	FALSE	FALSE	FALSE	FALSE	1
2027	29	7	売り場	uriba	sales floor, department	FALSE	FALSE	FALSE	FALSE	FALSE	FALSE	1
2028	29	7	校長	kouchou	principal, schoolmaster	FALSE	FALSE	FALSE	FALSE	FALSE	FALSE	1
2029	29	7	見学	kengaku	field trip	FALSE	FALSE	FALSE	FALSE	FALSE	FALSE	1
2030	29	7	進学	shingaku	advance to higher education	FALSE	FALSE	FALSE	FALSE	FALSE	FALSE	1
2031	30	1	退院	taiin	discharge from hospital	FALSE	FALSE	FALSE	FALSE	FALSE	FALSE	1
2033	30	1	踊り	odori	dance, dancing	FALSE	FALSE	FALSE	FALSE	FALSE	FALSE	1
2034	30	1	植える	ueru	plant, sow	FALSE	FALSE	FALSE	FALSE	FALSE	FALSE	1
2035	30	1	幼稚園	youchien	kindergarten	FALSE	FALSE	FALSE	FALSE	FALSE	FALSE	1
2037	30	1	四季	shiki	the four seasons	FALSE	FALSE	FALSE	FALSE	FALSE	FALSE	1
2039	30	1	消防車	shoubousha	fire engine	FALSE	FALSE	FALSE	FALSE	FALSE	FALSE	1
2041	30	2	農業	nougyou	agriculture	FALSE	FALSE	FALSE	FALSE	FALSE	FALSE	1
2044	30	2	速達	sokutatsu	special delivery, express delivery	FALSE	FALSE	FALSE	FALSE	FALSE	FALSE	1
2046	30	2	書留	kakitome	registered mail	FALSE	FALSE	FALSE	FALSE	FALSE	FALSE	1
2050	30	2	取引	torihiki	transaction, deal	FALSE	FALSE	FALSE	FALSE	FALSE	FALSE	1
2051	30	3	設ける	moukeru	set up, establish	FALSE	FALSE	FALSE	FALSE	FALSE	FALSE	1
2052	30	3	一定	ittei	fixed, certain	FALSE	FALSE	FALSE	FALSE	FALSE	FALSE	1
2053	30	3	記者	kisha	journalist, reporter	FALSE	FALSE	FALSE	FALSE	FALSE	FALSE	1
2054	30	3	基準	kijun	standard, criterion	FALSE	FALSE	FALSE	FALSE	FALSE	FALSE	1
2055	30	3	傾向	keikou	tendency, disposition	FALSE	FALSE	FALSE	FALSE	FALSE	FALSE	1
2056	30	3	契約	keiyaku	contract, agreement	FALSE	FALSE	FALSE	FALSE	FALSE	FALSE	1
2057	30	3	産業	sangyou	industry	FALSE	FALSE	FALSE	FALSE	FALSE	FALSE	1
2058	30	3	事情	jijou	circumstances, conditions	FALSE	FALSE	FALSE	FALSE	FALSE	FALSE	1
2059	30	3	実行	jikkou	practice, execution	FALSE	FALSE	FALSE	FALSE	FALSE	FALSE	1
2060	30	3	組織	soshiki	organization, structure	FALSE	FALSE	FALSE	FALSE	FALSE	FALSE	1
2061	30	4	逮捕	taiho	arrest, capture	FALSE	FALSE	FALSE	FALSE	FALSE	FALSE	1
2062	30	4	程度	teido	degree, extent	FALSE	FALSE	FALSE	FALSE	FALSE	FALSE	1
2063	30	4	同様	douyou	similar, the same as	FALSE	FALSE	FALSE	FALSE	FALSE	FALSE	1
2064	30	4	要求	youkyuu	need, demand	FALSE	FALSE	FALSE	FALSE	FALSE	FALSE	1
2065	30	4	貿易	boueki	(export and import) trade	FALSE	FALSE	FALSE	FALSE	FALSE	FALSE	1
2066	30	4	輸出	yushutsu	export	FALSE	FALSE	FALSE	FALSE	FALSE	FALSE	1
2067	30	4	商業	shougyou	commerce, trade	FALSE	FALSE	FALSE	FALSE	FALSE	FALSE	1
2068	30	4	船便	funabin	surface mail, shipping service	FALSE	FALSE	FALSE	FALSE	FALSE	FALSE	1
2069	30	4	選挙	senkyo	election	FALSE	FALSE	FALSE	FALSE	FALSE	FALSE	1
2070	30	4	住民	juumin	resident	FALSE	FALSE	FALSE	FALSE	FALSE	FALSE	1
2071	30	5	出席	shusseki	attendance, presence	FALSE	FALSE	FALSE	FALSE	FALSE	FALSE	1
2072	30	5	発言	hatsugen	utterance, remark	FALSE	FALSE	FALSE	FALSE	FALSE	FALSE	1
2073	30	5	伴う	tomonau	accompany, entail	FALSE	FALSE	FALSE	FALSE	FALSE	FALSE	1
2074	30	5	採用	saiyou	employment, adoption	FALSE	FALSE	FALSE	FALSE	FALSE	FALSE	1
2075	30	5	処理	shori	handling, processing	FALSE	FALSE	FALSE	FALSE	FALSE	FALSE	1
2076	30	5	解決	kaiketsu	solution, settlement	FALSE	FALSE	FALSE	FALSE	FALSE	FALSE	1
2077	30	5	全国	zenkoku	the whole country	FALSE	FALSE	FALSE	FALSE	FALSE	FALSE	1
2078	30	5	作業	sagyou	work, operation	FALSE	FALSE	FALSE	FALSE	FALSE	FALSE	1
2079	30	5	生産	seisan	production	FALSE	FALSE	FALSE	FALSE	FALSE	FALSE	1
2080	30	5	管理	kanri	management, administration	FALSE	FALSE	FALSE	FALSE	FALSE	FALSE	1
2081	30	6	増加	zouka	increase, rise	FALSE	FALSE	FALSE	FALSE	FALSE	FALSE	1
2082	30	6	特徴	tokuchou	distinctive feature, characteristic	FALSE	FALSE	FALSE	FALSE	FALSE	FALSE	1
2083	30	6	強調	kyouchou	emphasis, stress	FALSE	FALSE	FALSE	FALSE	FALSE	FALSE	1
2084	30	6	制度	seido	system	FALSE	FALSE	FALSE	FALSE	FALSE	FALSE	1
2085	30	6	株	kabu	stock, share	FALSE	FALSE	FALSE	FALSE	FALSE	FALSE	1
2086	30	6	加える	kuwaeru	add (things of the same or different kinds)	FALSE	FALSE	FALSE	FALSE	FALSE	FALSE	1
2087	30	6	強化	kyouka	strengthening	FALSE	FALSE	FALSE	FALSE	FALSE	FALSE	1
2088	30	6	設計	sekkei	design, plan	FALSE	FALSE	FALSE	FALSE	FALSE	FALSE	1
2089	30	6	段階	dankai	stage, phase	FALSE	FALSE	FALSE	FALSE	FALSE	FALSE	1
2090	30	6	行う	okonau	do, carry out	FALSE	FALSE	FALSE	FALSE	FALSE	FALSE	1
2091	30	7	経済	keizai	economy, economics	FALSE	FALSE	FALSE	FALSE	FALSE	FALSE	1
2092	30	7	工場	koujou	factory, plant	FALSE	FALSE	FALSE	FALSE	FALSE	FALSE	1
2093	30	7	技術	gijutsu	skill, technology	FALSE	FALSE	FALSE	FALSE	FALSE	FALSE	1
2094	30	7	施設	shisetsu	facilities, institution	FALSE	FALSE	FALSE	FALSE	FALSE	FALSE	1
2095	30	7	神	kami	God	FALSE	FALSE	FALSE	FALSE	FALSE	FALSE	1
2096	30	7	人口	jinkou	population	FALSE	FALSE	FALSE	FALSE	FALSE	FALSE	1
2097	30	7	党	tou	party, faction	FALSE	FALSE	FALSE	FALSE	FALSE	FALSE	1
2098	30	7	輸入	yunyuu	import	FALSE	FALSE	FALSE	FALSE	FALSE	FALSE	1
2099	30	7	煮る	niru	simmer, cook	FALSE	FALSE	FALSE	FALSE	FALSE	FALSE	1
2103	31	1	そっくり	sokkuri	almost identical	FALSE	FALSE	FALSE	FALSE	FALSE	FALSE	1
2104	31	1	名刺	meishi	business card, name card	FALSE	FALSE	FALSE	FALSE	FALSE	FALSE	1
2105	31	1	いちいち	ichiichi	every time, about everything	FALSE	FALSE	FALSE	FALSE	FALSE	FALSE	1
2107	31	1	喉	nodo	throat	FALSE	FALSE	FALSE	FALSE	FALSE	FALSE	1
2108	31	1	身長	shinchou	height	FALSE	FALSE	FALSE	FALSE	FALSE	FALSE	1
2110	31	1	味噌	miso	soybean paste	FALSE	FALSE	FALSE	FALSE	FALSE	FALSE	1
2111	31	2	気の毒	kinodoku	pitiful, poor	FALSE	FALSE	FALSE	FALSE	FALSE	FALSE	1
2112	31	2	そっと	sotto	softly, gently	FALSE	FALSE	FALSE	FALSE	FALSE	FALSE	1
2113	31	2	こっそり	kossori	secretly	FALSE	FALSE	FALSE	FALSE	FALSE	FALSE	1
2114	31	2	うっかり	ukkari	carelessly, accidentally	FALSE	FALSE	FALSE	FALSE	FALSE	FALSE	1
2116	31	2	がっかり	gakkari	disappointed, disappointing	FALSE	FALSE	FALSE	FALSE	FALSE	FALSE	1
2117	31	2	ぼんやり	bonyari	vacantly, absent-mindedly	FALSE	FALSE	FALSE	FALSE	FALSE	FALSE	1
2118	31	2	酢	su	vinegar	FALSE	FALSE	FALSE	FALSE	FALSE	FALSE	1
2119	31	2	羨ましい	urayamashii	envious, jealous	FALSE	FALSE	FALSE	FALSE	FALSE	FALSE	1
2120	31	2	捕まえる	tsukamaeru	catch, arrest	FALSE	FALSE	FALSE	FALSE	FALSE	FALSE	1
2121	31	3	ちっとも	chittomo	not at all	FALSE	FALSE	FALSE	FALSE	FALSE	FALSE	1
2122	31	3	親指	oyayubi	thumb	FALSE	FALSE	FALSE	FALSE	FALSE	FALSE	1
2123	31	3	通り過ぎる	toorisugiru	go past, pass	FALSE	FALSE	FALSE	FALSE	FALSE	FALSE	1
2124	31	3	屋上	okujou	housetop, rooftop	FALSE	FALSE	FALSE	FALSE	FALSE	FALSE	1
2125	31	3	蓋	futa	lid, cover	FALSE	FALSE	FALSE	FALSE	FALSE	FALSE	1
2126	31	3	いつの間にか	itsunomanika	before noticing it, out of nowhere	FALSE	FALSE	FALSE	FALSE	FALSE	FALSE	1
2127	31	3	象	zou	elephant	FALSE	FALSE	FALSE	FALSE	FALSE	FALSE	1
2128	31	3	嫌がる	iyagaru	dislike, be unwilling	FALSE	FALSE	FALSE	FALSE	FALSE	FALSE	1
2131	31	4	まあまあ	maamaa	now now, well well	FALSE	FALSE	FALSE	FALSE	FALSE	FALSE	1
2133	31	4	一度に	ichidoni	all at once, at a time	FALSE	FALSE	FALSE	FALSE	FALSE	FALSE	1
2134	31	4	頷く	unazuku	nod	FALSE	FALSE	FALSE	FALSE	FALSE	FALSE	1
2135	31	4	改札	kaisatsu	ticket gate	FALSE	FALSE	FALSE	FALSE	FALSE	FALSE	1
2137	31	4	とっくに	tokkuni	long ago, already	FALSE	FALSE	FALSE	FALSE	FALSE	FALSE	1
2138	31	4	洗剤	senzai	detergent	FALSE	FALSE	FALSE	FALSE	FALSE	FALSE	1
2140	31	4	日帰り	higaeri	a day trip	FALSE	FALSE	FALSE	FALSE	FALSE	FALSE	1
2141	31	5	取り消す	torikesu	cancel	FALSE	FALSE	FALSE	FALSE	FALSE	FALSE	1
2142	31	5	あきれる	akireru	be amazed at, be stunned by (something negative)	FALSE	FALSE	FALSE	FALSE	FALSE	FALSE	1
2143	31	5	月末	getsumatsu	end of the month	FALSE	FALSE	FALSE	FALSE	FALSE	FALSE	1
2144	31	5	咳	seki	cough	FALSE	FALSE	FALSE	FALSE	FALSE	FALSE	1
2145	31	5	あいにく	ainiku	unfortunately, we are afraid that	FALSE	FALSE	FALSE	FALSE	FALSE	FALSE	1
2146	31	5	近寄る	chikayoru	go near, approach	FALSE	FALSE	FALSE	FALSE	FALSE	FALSE	1
2147	31	5	うろうろ	urouro	in a loafing-about manner, not really knowing what to do	FALSE	FALSE	FALSE	FALSE	FALSE	FALSE	1
2148	31	5	重たい	omotai	heavy, serious	FALSE	FALSE	FALSE	FALSE	FALSE	FALSE	1
2149	31	5	かじる	kajiru	nibble, bite	FALSE	FALSE	FALSE	FALSE	FALSE	FALSE	1
2150	31	5	長引く	nagabiku	be prolonged, drag on	FALSE	FALSE	FALSE	FALSE	FALSE	FALSE	1
2151	31	6	せっせと	sesseto	diligently, hard	FALSE	FALSE	FALSE	FALSE	FALSE	FALSE	1
2153	31	6	取り替える	torikaeru	change, replace	FALSE	FALSE	FALSE	FALSE	FALSE	FALSE	1
2154	31	6	からかう	karakau	make fun of, tease	FALSE	FALSE	FALSE	FALSE	FALSE	FALSE	1
2156	31	6	蒸し暑い	mushiatsui	hot and humid	FALSE	FALSE	FALSE	FALSE	FALSE	FALSE	1
2157	31	6	支度	shitaku	preparation, getting ready	FALSE	FALSE	FALSE	FALSE	FALSE	FALSE	1
2158	31	6	薄暗い	usugurai	gloomy, dim	FALSE	FALSE	FALSE	FALSE	FALSE	FALSE	1
2159	31	6	着替え	kigae	change of clothes	FALSE	FALSE	FALSE	FALSE	FALSE	FALSE	1
2161	31	7	生年月日	seinengappi	year and date of birth	FALSE	FALSE	FALSE	FALSE	FALSE	FALSE	1
2162	31	7	虫歯	mushiba	cavity	FALSE	FALSE	FALSE	FALSE	FALSE	FALSE	1
2163	31	7	留守番	rusuban	looking after the house	FALSE	FALSE	FALSE	FALSE	FALSE	FALSE	1
2164	31	7	張り切る	harikiru	go all out, be full of energy (to do something)	FALSE	FALSE	FALSE	FALSE	FALSE	FALSE	1
2165	31	7	意地悪	ijiwaru	mean, ill-natured	FALSE	FALSE	FALSE	FALSE	FALSE	FALSE	1
2166	31	7	生意気	namaiki	impudent, cocky	FALSE	FALSE	FALSE	FALSE	FALSE	FALSE	1
2169	31	7	一人一人	hitorihitori	each and every person	FALSE	FALSE	FALSE	FALSE	FALSE	FALSE	1
2171	32	1	追い掛ける	oikakeru	chase, run after	FALSE	FALSE	FALSE	FALSE	FALSE	FALSE	1
2172	32	1	小指	koyubi	little finger, little toe	FALSE	FALSE	FALSE	FALSE	FALSE	FALSE	1
2175	32	1	まぶた	mabuta	eyelid	FALSE	FALSE	FALSE	FALSE	FALSE	FALSE	1
2176	32	1	面倒臭い	mendoukusai	troublesome, tiresome	FALSE	FALSE	FALSE	FALSE	FALSE	FALSE	1
2177	32	1	ゆでる	yuderu	boil	FALSE	FALSE	FALSE	FALSE	FALSE	FALSE	1
2178	32	1	できるだけ	dekirudake	as (much) as possible	FALSE	FALSE	FALSE	FALSE	FALSE	FALSE	1
2179	32	1	もしかしたら	moshikashitara	possibly, perhaps	FALSE	FALSE	FALSE	FALSE	FALSE	FALSE	1
2183	32	2	空っぽ	karappo	empty	FALSE	FALSE	FALSE	FALSE	FALSE	FALSE	1
2184	32	2	ぶつぶつ	butsubutsu	in a mutter, mumble	FALSE	FALSE	FALSE	FALSE	FALSE	FALSE	1
2185	32	2	すっと	sutto	(feel) refreshed, satisfied	FALSE	FALSE	FALSE	FALSE	FALSE	FALSE	1
2186	32	2	図々しい	zuuzuushii	impudent, cheeky	FALSE	FALSE	FALSE	FALSE	FALSE	FALSE	1
2187	32	2	にっこり	nikkori	smiling brightly	FALSE	FALSE	FALSE	FALSE	FALSE	FALSE	1
2189	32	2	追い付く	oitsuku	catch up with	FALSE	FALSE	FALSE	FALSE	FALSE	FALSE	1
2190	32	2	くしゃみ	kushami	sneeze	FALSE	FALSE	FALSE	FALSE	FALSE	FALSE	1
2191	32	3	冷ます	samasu	let cool	FALSE	FALSE	FALSE	FALSE	FALSE	FALSE	1
2192	32	3	だらしない	darashinai	untidy, sloppy	FALSE	FALSE	FALSE	FALSE	FALSE	FALSE	1
2193	32	3	甘やかす	amayakasu	be indulgent to, spoil	FALSE	FALSE	FALSE	FALSE	FALSE	FALSE	1
2194	32	3	いらいら	iraira	irritated	FALSE	FALSE	FALSE	FALSE	FALSE	FALSE	1
2195	32	3	薬指	kusuriyubi	ring finger	FALSE	FALSE	FALSE	FALSE	FALSE	FALSE	1
2196	32	3	のろのろ	noronoro	slowly, sluggishly	FALSE	FALSE	FALSE	FALSE	FALSE	FALSE	1
2198	32	3	工業	kougyou	industry, the manufacturing industry	FALSE	FALSE	FALSE	FALSE	FALSE	FALSE	1
2199	32	3	構造	kouzou	construction, structure	FALSE	FALSE	FALSE	FALSE	FALSE	FALSE	1
2201	32	4	居眠り	inemuri	doze, catnap	FALSE	FALSE	FALSE	FALSE	FALSE	FALSE	1
2202	32	4	散らかす	chirakasu	make a mess	FALSE	FALSE	FALSE	FALSE	FALSE	FALSE	1
2203	32	4	濡らす	nurasu	get (something) wet	FALSE	FALSE	FALSE	FALSE	FALSE	FALSE	1
2204	32	4	日にち	hinichi	date (fixed for something)	FALSE	FALSE	FALSE	FALSE	FALSE	FALSE	1
2205	32	4	苛める	ijimeru	bully, abuse	FALSE	FALSE	FALSE	FALSE	FALSE	FALSE	1
2206	32	4	足下	ashimoto	step, under foot	FALSE	FALSE	FALSE	FALSE	FALSE	FALSE	1
2208	32	4	紺	kon	dark blue, navy blue	FALSE	FALSE	FALSE	FALSE	FALSE	FALSE	1
2209	32	4	目茶苦茶	mechakucha	in a mess, chaotic	FALSE	FALSE	FALSE	FALSE	FALSE	FALSE	1
2210	32	4	立ち入り禁止	tachiirikinshi	no trespassing	FALSE	FALSE	FALSE	FALSE	FALSE	FALSE	1
2211	32	5	間もなく	mamonaku	soon, in a short time	FALSE	FALSE	FALSE	FALSE	FALSE	FALSE	1
2212	32	5	通帳	tsuuchou	bankbook, passbook	FALSE	FALSE	FALSE	FALSE	FALSE	FALSE	1
2213	32	5	しびれる	shibireru	go numb, fall asleep	FALSE	FALSE	FALSE	FALSE	FALSE	FALSE	1
2214	32	5	ぎっしり	gisshiri	tightly, closely	FALSE	FALSE	FALSE	FALSE	FALSE	FALSE	1
2215	32	5	うがい	ugai	gargling	FALSE	FALSE	FALSE	FALSE	FALSE	FALSE	1
2216	32	5	思い付く	omoitsuku	think of, hit upon	FALSE	FALSE	FALSE	FALSE	FALSE	FALSE	1
2217	32	5	宛名	atena	name of recipient, addressee	FALSE	FALSE	FALSE	FALSE	FALSE	FALSE	1
2218	32	5	戸棚	todana	cupboard	FALSE	FALSE	FALSE	FALSE	FALSE	FALSE	1
2219	32	5	焦げる	kogeru	be burned, be scorched	FALSE	FALSE	FALSE	FALSE	FALSE	FALSE	1
2220	32	5	かく	kaku	scratch	FALSE	FALSE	FALSE	FALSE	FALSE	FALSE	1
2221	32	6	威張る	ibaru	be arrogant, be boastful	FALSE	FALSE	FALSE	FALSE	FALSE	FALSE	1
2222	32	6	人混み	hitogomi	crowd	FALSE	FALSE	FALSE	FALSE	FALSE	FALSE	1
2223	32	6	ずらり	zurari	lining up neatly	FALSE	FALSE	FALSE	FALSE	FALSE	FALSE	1
2224	32	6	思い切り	omoikiri	to one’s heart’s content, with all one’s might	FALSE	FALSE	FALSE	FALSE	FALSE	FALSE	1
2225	32	6	青白い	aojiroi	pale	FALSE	FALSE	FALSE	FALSE	FALSE	FALSE	1
2226	32	6	しゃがむ	shagamu	squat down	FALSE	FALSE	FALSE	FALSE	FALSE	FALSE	1
2227	32	6	言葉遣い	kotobadukai	wording, language	FALSE	FALSE	FALSE	FALSE	FALSE	FALSE	1
2228	32	6	通り掛かる	toorikakaru	happen to pass by	FALSE	FALSE	FALSE	FALSE	FALSE	FALSE	1
2229	32	6	御無沙汰	gobusata	be out of touch	FALSE	FALSE	FALSE	FALSE	FALSE	FALSE	1
2230	32	6	市場	shijou	market (industrial, financial, etc.)	FALSE	FALSE	FALSE	FALSE	FALSE	FALSE	1
2232	32	7	購入	kounyuu	purchase	FALSE	FALSE	FALSE	FALSE	FALSE	FALSE	1
2234	32	7	俺	ore	I (masculine sense)	FALSE	FALSE	FALSE	FALSE	FALSE	FALSE	1
2235	32	7	登録	touroku	registration	FALSE	FALSE	FALSE	FALSE	FALSE	FALSE	1
2236	32	7	体験	taiken	personal experience	FALSE	FALSE	FALSE	FALSE	FALSE	FALSE	1
2238	32	7	負担	futan	burden, charge	FALSE	FALSE	FALSE	FALSE	FALSE	FALSE	1
2239	32	7	詳細	shousai	details, particulars	FALSE	FALSE	FALSE	FALSE	FALSE	FALSE	1
2240	32	7	アップ	appu	close-up	FALSE	FALSE	FALSE	FALSE	FALSE	FALSE	1
2241	33	1	終了	shuuryou	end, termination	FALSE	FALSE	FALSE	FALSE	FALSE	FALSE	1
2242	33	1	ファン	fan	fan, admirer	FALSE	FALSE	FALSE	FALSE	FALSE	FALSE	1
2243	33	1	予想	yosou	expectation, forecast	FALSE	FALSE	FALSE	FALSE	FALSE	FALSE	1
2244	33	1	企画	kikaku	planning, project	FALSE	FALSE	FALSE	FALSE	FALSE	FALSE	1
2245	33	1	財政	zaisei	public finance, financial affairs	FALSE	FALSE	FALSE	FALSE	FALSE	FALSE	1
2246	33	1	総合	sougou	integration, put together	FALSE	FALSE	FALSE	FALSE	FALSE	FALSE	1
2249	33	1	治療	chiryou	medical treatment	FALSE	FALSE	FALSE	FALSE	FALSE	FALSE	1
2250	33	1	読者	dokusha	reader	FALSE	FALSE	FALSE	FALSE	FALSE	FALSE	1
2251	33	2	職員	shokuin	staff, employee	FALSE	FALSE	FALSE	FALSE	FALSE	FALSE	1
2252	33	2	世代	sedai	generation	FALSE	FALSE	FALSE	FALSE	FALSE	FALSE	1
2253	33	2	視点	shiten	viewpoint, perspective	FALSE	FALSE	FALSE	FALSE	FALSE	FALSE	1
2254	33	2	効率	kouritsu	efficiency, performance	FALSE	FALSE	FALSE	FALSE	FALSE	FALSE	1
2255	33	2	資産	shisan	property, assets	FALSE	FALSE	FALSE	FALSE	FALSE	FALSE	1
2256	33	2	取り組む	torikumu	work on, tackle	FALSE	FALSE	FALSE	FALSE	FALSE	FALSE	1
2258	33	2	資格	shikaku	qualifications, competence	FALSE	FALSE	FALSE	FALSE	FALSE	FALSE	1
2259	33	2	成果	seika	result	FALSE	FALSE	FALSE	FALSE	FALSE	FALSE	1
2260	33	2	前提	zentei	assumption, premise	FALSE	FALSE	FALSE	FALSE	FALSE	FALSE	1
2261	33	3	現地	genchi	local, on-site	FALSE	FALSE	FALSE	FALSE	FALSE	FALSE	1
2262	33	3	内部	naibu	interior, inner parts	FALSE	FALSE	FALSE	FALSE	FALSE	FALSE	1
2263	33	3	所得	shotoku	income, earnings	FALSE	FALSE	FALSE	FALSE	FALSE	FALSE	1
2264	33	3	恋愛	renai	romance, relationship	FALSE	FALSE	FALSE	FALSE	FALSE	FALSE	1
2265	33	3	支持	shiji	support	FALSE	FALSE	FALSE	FALSE	FALSE	FALSE	1
2266	33	3	危機	kiki	crisis, danger	FALSE	FALSE	FALSE	FALSE	FALSE	FALSE	1
2268	33	3	証拠	shouko	proof, evidence	FALSE	FALSE	FALSE	FALSE	FALSE	FALSE	1
2269	33	3	コーナー	koonaa	section (of a store etc.), corner	FALSE	FALSE	FALSE	FALSE	FALSE	FALSE	1
2270	33	3	マーク	maaku	logo	FALSE	FALSE	FALSE	FALSE	FALSE	FALSE	1
2271	33	4	減少	genshou	decrease, decline	FALSE	FALSE	FALSE	FALSE	FALSE	FALSE	1
2272	33	4	緊急	kinkyuu	urgent, emergency	FALSE	FALSE	FALSE	FALSE	FALSE	FALSE	1
2273	33	4	要望	youbou	demand, request	FALSE	FALSE	FALSE	FALSE	FALSE	FALSE	1
2275	33	4	主催	shusai	sponsorship, host	FALSE	FALSE	FALSE	FALSE	FALSE	FALSE	1
2277	33	4	犠牲	gisei	sacrifice, loss	FALSE	FALSE	FALSE	FALSE	FALSE	FALSE	1
2278	33	4	暴力	bouryoku	violence, force	FALSE	FALSE	FALSE	FALSE	FALSE	FALSE	1
2279	33	4	赤字	akaji	deficit, in the red	FALSE	FALSE	FALSE	FALSE	FALSE	FALSE	1
2280	33	4	個性	kosei	individuality, unique characteristics	FALSE	FALSE	FALSE	FALSE	FALSE	FALSE	1
2281	33	5	作戦	sakusen	tactic, strategy	FALSE	FALSE	FALSE	FALSE	FALSE	FALSE	1
2284	33	5	わざわざ	wazawaza	going out of one’s way to do something	FALSE	FALSE	FALSE	FALSE	FALSE	FALSE	1
2285	33	5	本気	honki	serious, earnest	FALSE	FALSE	FALSE	FALSE	FALSE	FALSE	1
2286	33	5	悩み	nayami	troubles, worries	FALSE	FALSE	FALSE	FALSE	FALSE	FALSE	1
2287	33	5	上司	joushi	boss	FALSE	FALSE	FALSE	FALSE	FALSE	FALSE	1
2288	33	5	説得	settoku	persuasion	FALSE	FALSE	FALSE	FALSE	FALSE	FALSE	1
2289	33	5	ブーム	buumu	fad, boom	FALSE	FALSE	FALSE	FALSE	FALSE	FALSE	1
2290	33	5	体力	tairyoku	physical strength, stamina	FALSE	FALSE	FALSE	FALSE	FALSE	FALSE	1
2291	33	6	正常	seijou	normal	FALSE	FALSE	FALSE	FALSE	FALSE	FALSE	1
2293	33	6	地獄	jigoku	hell	FALSE	FALSE	FALSE	FALSE	FALSE	FALSE	1
2294	33	6	後悔	koukai	regret	FALSE	FALSE	FALSE	FALSE	FALSE	FALSE	1
2295	33	6	情熱	jounetsu	passion, enthusiasm	FALSE	FALSE	FALSE	FALSE	FALSE	FALSE	1
2299	33	6	いい加減	iikagen	irresponsible, careless	FALSE	FALSE	FALSE	FALSE	FALSE	FALSE	1
2301	33	7	言い訳	iiwake	excuse	FALSE	FALSE	FALSE	FALSE	FALSE	FALSE	1
2303	33	7	青春	seishun	blossom of youth, adolescence	FALSE	FALSE	FALSE	FALSE	FALSE	FALSE	1
2304	33	7	あっさり	assari	bluntly, easily	FALSE	FALSE	FALSE	FALSE	FALSE	FALSE	1
2305	33	7	焦る	aseru	feel pressured, feel hurried	FALSE	FALSE	FALSE	FALSE	FALSE	FALSE	1
2306	33	7	柔軟	juunan	pliable, flexible	FALSE	FALSE	FALSE	FALSE	FALSE	FALSE	1
2307	33	7	タレント	tarento	celebrity, TV personality	FALSE	FALSE	FALSE	FALSE	FALSE	FALSE	1
2308	33	7	どうにか	dounika	somehow	FALSE	FALSE	FALSE	FALSE	FALSE	FALSE	1
2310	33	7	もてる	moteru	be popular (esp. with the opposite sex)	FALSE	FALSE	FALSE	FALSE	FALSE	FALSE	1
2313	34	1	中毒	chuudoku	poisoning, addiction	FALSE	FALSE	FALSE	FALSE	FALSE	FALSE	1
2315	34	1	同情	doujou	sympathy, compassion	FALSE	FALSE	FALSE	FALSE	FALSE	FALSE	1
2316	34	1	学歴	gakureki	educational background	FALSE	FALSE	FALSE	FALSE	FALSE	FALSE	1
2317	34	1	好調	kouchou	good condition	FALSE	FALSE	FALSE	FALSE	FALSE	FALSE	1
2319	34	1	炒める	itameru	stir-fry	FALSE	FALSE	FALSE	FALSE	FALSE	FALSE	1
2321	34	2	問い合わせる	toiawaseru	inquire, ask for (information)	FALSE	FALSE	FALSE	FALSE	FALSE	FALSE	1
2322	34	2	しょっちゅう	shocchuu	frequently, repeatedly	FALSE	FALSE	FALSE	FALSE	FALSE	FALSE	1
2325	34	2	パンク	panku	flat tire	FALSE	FALSE	FALSE	FALSE	FALSE	FALSE	1
2327	34	2	チェンジ	chenji	change, exchange	FALSE	FALSE	FALSE	FALSE	FALSE	FALSE	1
2328	34	2	待ち合わせ	machiawase	meeting with someone, appointment	FALSE	FALSE	FALSE	FALSE	FALSE	FALSE	1
2329	34	2	時差	jisa	time difference	FALSE	FALSE	FALSE	FALSE	FALSE	FALSE	1
2330	34	2	義理	giri	sense of duty, obligation	FALSE	FALSE	FALSE	FALSE	FALSE	FALSE	1
2331	34	3	さっと	satto	quickly	FALSE	FALSE	FALSE	FALSE	FALSE	FALSE	1
2332	34	3	左利き	hidarikiki	left-handedness	FALSE	FALSE	FALSE	FALSE	FALSE	FALSE	1
2333	34	3	サボる	saboru	slack of, ditch	FALSE	FALSE	FALSE	FALSE	FALSE	FALSE	1
2334	34	3	だるい	darui	feel run-down, weary	FALSE	FALSE	FALSE	FALSE	FALSE	FALSE	1
2335	34	3	ポット	potto	pot, thermos	FALSE	FALSE	FALSE	FALSE	FALSE	FALSE	1
2336	34	3	レントゲン	rentogen	X-rays	FALSE	FALSE	FALSE	FALSE	FALSE	FALSE	1
2337	34	3	心強い	kokoroduyoi	reassuring, heartening	FALSE	FALSE	FALSE	FALSE	FALSE	FALSE	1
2338	34	3	無駄遣い	mudadukai	wasteful spending	FALSE	FALSE	FALSE	FALSE	FALSE	FALSE	1
2340	34	3	眼科	ganka	ophthalmology, eye clinic	FALSE	FALSE	FALSE	FALSE	FALSE	FALSE	1
2341	34	4	履歴書	rirekisho	resume, curriculum vitae	FALSE	FALSE	FALSE	FALSE	FALSE	FALSE	1
2342	34	4	インフレーション	infureeshon	inflation	FALSE	FALSE	FALSE	FALSE	FALSE	FALSE	1
2343	34	4	癌	gan	cancer	FALSE	FALSE	FALSE	FALSE	FALSE	FALSE	1
2344	34	4	ぺこぺこ	pekopeko	bow, kowtow	FALSE	FALSE	FALSE	FALSE	FALSE	FALSE	1
2346	34	4	おごる	ogoru	treat, pay for (someone)	FALSE	FALSE	FALSE	FALSE	FALSE	FALSE	1
2347	34	4	十字路	juujiro	crossroads	FALSE	FALSE	FALSE	FALSE	FALSE	FALSE	1
2348	34	4	びっしょり	bisshori	drenched, soaked	FALSE	FALSE	FALSE	FALSE	FALSE	FALSE	1
2349	34	4	だぶだぶ	dabudabu	baggy, too big	FALSE	FALSE	FALSE	FALSE	FALSE	FALSE	1
2350	34	4	おだてる	odateru	flatter	FALSE	FALSE	FALSE	FALSE	FALSE	FALSE	1
2351	34	5	かかと	kakato	heel	FALSE	FALSE	FALSE	FALSE	FALSE	FALSE	1
2352	34	5	ほっと	hotto	feel relieved	FALSE	FALSE	FALSE	FALSE	FALSE	FALSE	1
2353	34	5	傷付ける	kizutsukeru	hurt (someone), damage (something)	FALSE	FALSE	FALSE	FALSE	FALSE	FALSE	1
2354	34	5	うつむく	utsumuku	look down, lower one’s eyes	FALSE	FALSE	FALSE	FALSE	FALSE	FALSE	1
2355	34	5	前売り券	maeuriken	advance ticket	FALSE	FALSE	FALSE	FALSE	FALSE	FALSE	1
2356	34	5	短期	tanki	short-term	FALSE	FALSE	FALSE	FALSE	FALSE	FALSE	1
2357	34	5	舐める	nameru	lick	FALSE	FALSE	FALSE	FALSE	FALSE	FALSE	1
2358	34	5	本日	honjitsu	today (formal)	FALSE	FALSE	FALSE	FALSE	FALSE	FALSE	1
2359	34	5	業界	gyoukai	industry, business world	FALSE	FALSE	FALSE	FALSE	FALSE	FALSE	1
2361	34	6	弁護士	bengoshi	lawyer, attorney	FALSE	FALSE	FALSE	FALSE	FALSE	FALSE	1
2362	34	6	入力	nyuuryoku	input, entry	FALSE	FALSE	FALSE	FALSE	FALSE	FALSE	1
2363	34	6	前回	zenkai	last time	FALSE	FALSE	FALSE	FALSE	FALSE	FALSE	1
2364	34	6	画面	gamen	screen	FALSE	FALSE	FALSE	FALSE	FALSE	FALSE	1
2365	34	6	後半	kouhan	latter half, second half	FALSE	FALSE	FALSE	FALSE	FALSE	FALSE	1
2366	34	6	自信	jishin	confidence	FALSE	FALSE	FALSE	FALSE	FALSE	FALSE	1
2367	34	6	素敵	suteki	lovely, nice	FALSE	FALSE	FALSE	FALSE	FALSE	FALSE	1
2368	34	6	当たり前	atarimae	no wonder, natural	FALSE	FALSE	FALSE	FALSE	FALSE	FALSE	1
2369	34	6	やり方	yarikata	way of doing	FALSE	FALSE	FALSE	FALSE	FALSE	FALSE	1
2370	34	6	わずか	wazuka	meager, marginal	FALSE	FALSE	FALSE	FALSE	FALSE	FALSE	1
2371	34	7	ついに	tsuini	at last, at length	FALSE	FALSE	FALSE	FALSE	FALSE	FALSE	1
2372	34	7	次回	jikai	next time	FALSE	FALSE	FALSE	FALSE	FALSE	FALSE	1
2375	34	7	不可能	fukanou	impossible	FALSE	FALSE	FALSE	FALSE	FALSE	FALSE	1
2377	34	7	落ち着く	ochitsuku	calm down, settle in	FALSE	FALSE	FALSE	FALSE	FALSE	FALSE	1
2378	34	7	せっかく	sekkaku	with much trouble	FALSE	FALSE	FALSE	FALSE	FALSE	FALSE	1
2379	34	7	つい	tsui	inadvertently, carelessly	FALSE	FALSE	FALSE	FALSE	FALSE	FALSE	1
2380	34	7	大手	oote	major company	FALSE	FALSE	FALSE	FALSE	FALSE	FALSE	1
2381	35	1	部長	buchou	department head	FALSE	FALSE	FALSE	FALSE	FALSE	FALSE	1
2382	35	1	前半	zenhan	first half	FALSE	FALSE	FALSE	FALSE	FALSE	FALSE	1
2383	35	1	たまたま	tamatama	by chance, accidentally	FALSE	FALSE	FALSE	FALSE	FALSE	FALSE	1
2384	35	1	相変わらず	aikawarazu	as usual, as before	FALSE	FALSE	FALSE	FALSE	FALSE	FALSE	1
2385	35	1	支払い	shiharai	payment	FALSE	FALSE	FALSE	FALSE	FALSE	FALSE	1
2386	35	1	人数	ninzuu	number of people	FALSE	FALSE	FALSE	FALSE	FALSE	FALSE	1
2387	35	1	課長	kachou	section chief	FALSE	FALSE	FALSE	FALSE	FALSE	FALSE	1
2389	35	1	体調	taichou	health condition	FALSE	FALSE	FALSE	FALSE	FALSE	FALSE	1
2390	35	1	付き合う	tsukiau	socialize with, see (someone)	FALSE	FALSE	FALSE	FALSE	FALSE	FALSE	1
2392	35	2	あり	ari	ant	FALSE	FALSE	FALSE	FALSE	FALSE	FALSE	1
2393	35	2	最悪	saiaku	worst	FALSE	FALSE	FALSE	FALSE	FALSE	FALSE	1
2394	35	2	かえる	kaeru	frog	FALSE	FALSE	FALSE	FALSE	FALSE	FALSE	1
2396	35	2	得	toku	advantage, gain	FALSE	FALSE	FALSE	FALSE	FALSE	FALSE	1
2397	35	2	掴む	tsukamu	grip, grab	FALSE	FALSE	FALSE	FALSE	FALSE	FALSE	1
2398	35	2	知り合い	shiriai	acquaintance	FALSE	FALSE	FALSE	FALSE	FALSE	FALSE	1
2400	35	2	作成	sakusei	to produce, to make	FALSE	FALSE	FALSE	FALSE	FALSE	FALSE	1
2401	35	3	親子	oyako	parent and child	FALSE	FALSE	FALSE	FALSE	FALSE	FALSE	1
2402	35	3	話し合い	hanashiai	talk, discussion	FALSE	FALSE	FALSE	FALSE	FALSE	FALSE	1
2403	35	3	本社	honsha	head office of a company	FALSE	FALSE	FALSE	FALSE	FALSE	FALSE	1
2404	35	3	打ち合わせ	uchiawase	meeting, arrangement	FALSE	FALSE	FALSE	FALSE	FALSE	FALSE	1
2405	35	3	見守る	mimamoru	watch, keep watch over	FALSE	FALSE	FALSE	FALSE	FALSE	FALSE	1
2406	35	3	売り上げ	uriage	sales, proceeds	FALSE	FALSE	FALSE	FALSE	FALSE	FALSE	1
2407	35	3	かえって	kaette	rather, instead	FALSE	FALSE	FALSE	FALSE	FALSE	FALSE	1
2409	35	3	何となく	nantonaku	for some reason	FALSE	FALSE	FALSE	FALSE	FALSE	FALSE	1
2410	35	3	年末	nenmatsu	end of year	FALSE	FALSE	FALSE	FALSE	FALSE	FALSE	1
2411	35	4	無意識	muishiki	unconsciously, unintentionally	FALSE	FALSE	FALSE	FALSE	FALSE	FALSE	1
2412	35	4	駅前	ekimae	in front of the station	FALSE	FALSE	FALSE	FALSE	FALSE	FALSE	1
2413	35	4	やって来る	yattekuru	come all the way	FALSE	FALSE	FALSE	FALSE	FALSE	FALSE	1
2416	35	4	慌てる	awateru	be flustered, be in a hurry	FALSE	FALSE	FALSE	FALSE	FALSE	FALSE	1
2417	35	4	都内	tonai	in the metropolitan area of Tokyo	FALSE	FALSE	FALSE	FALSE	FALSE	FALSE	1
2418	35	4	残業	zangyou	overtime work	FALSE	FALSE	FALSE	FALSE	FALSE	FALSE	1
2419	35	4	曖昧	aimai	ambiguous, vague	FALSE	FALSE	FALSE	FALSE	FALSE	FALSE	1
2420	35	4	カタログ	katarogu	catalogue	FALSE	FALSE	FALSE	FALSE	FALSE	FALSE	1
2421	35	5	殴る	naguru	hit, punch	FALSE	FALSE	FALSE	FALSE	FALSE	FALSE	1
2422	35	5	両手	ryoute	both hands	FALSE	FALSE	FALSE	FALSE	FALSE	FALSE	1
2425	35	5	知り合う	shiriau	get acquainted with, get to know (someone)	FALSE	FALSE	FALSE	FALSE	FALSE	FALSE	1
2426	35	5	お手伝い	otetsudai	help, assistance (polite)	FALSE	FALSE	FALSE	FALSE	FALSE	FALSE	1
2427	35	5	マナー	manaa	manners	FALSE	FALSE	FALSE	FALSE	FALSE	FALSE	1
2429	35	5	二度と	nidoto	never again	FALSE	FALSE	FALSE	FALSE	FALSE	FALSE	1
2432	35	6	保育園	hoikuen	day-care center, nursery school	FALSE	FALSE	FALSE	FALSE	FALSE	FALSE	1
2433	35	6	ずれる	zureru	go off track, go out of line	FALSE	FALSE	FALSE	FALSE	FALSE	FALSE	1
2435	35	6	せいぜい	seizei	at most, at best	FALSE	FALSE	FALSE	FALSE	FALSE	FALSE	1
2436	35	6	後期	kouki	latter term, second half	FALSE	FALSE	FALSE	FALSE	FALSE	FALSE	1
2438	35	6	ゆったり	yuttari	comfortable, easy fit	FALSE	FALSE	FALSE	FALSE	FALSE	FALSE	1
2439	35	6	ハードウェア	haadowea	hardware	FALSE	FALSE	FALSE	FALSE	FALSE	FALSE	1
2441	35	7	翌年	yokunen	the following year	FALSE	FALSE	FALSE	FALSE	FALSE	FALSE	1
2443	35	7	車内	shanai	inside a vehicle or a train	FALSE	FALSE	FALSE	FALSE	FALSE	FALSE	1
2444	35	7	大声	oogoe	loud voice	FALSE	FALSE	FALSE	FALSE	FALSE	FALSE	1
2445	35	7	無責任	musekinin	irresponsible	FALSE	FALSE	FALSE	FALSE	FALSE	FALSE	1
2446	35	7	片方	katahou	one side, the other one	FALSE	FALSE	FALSE	FALSE	FALSE	FALSE	1
2448	35	7	前方	zenpou	front, ahead	FALSE	FALSE	FALSE	FALSE	FALSE	FALSE	1
2449	35	7	日本酒	nihonshu	Japanese rice wine	FALSE	FALSE	FALSE	FALSE	FALSE	FALSE	1
2450	35	7	青空	aozora	blue sky	FALSE	FALSE	FALSE	FALSE	FALSE	FALSE	1
2451	36	1	不自然	fushizen	unnatural, artificial	FALSE	FALSE	FALSE	FALSE	FALSE	FALSE	1
2452	36	1	昨晩	sakuban	last night, last evening (formal)	FALSE	FALSE	FALSE	FALSE	FALSE	FALSE	1
2453	36	1	市役所	shiyakusho	municipal office, city hall	FALSE	FALSE	FALSE	FALSE	FALSE	FALSE	1
2455	36	1	年々	nennen	year by year	FALSE	FALSE	FALSE	FALSE	FALSE	FALSE	1
2456	36	1	後方	kouhou	back, rear	FALSE	FALSE	FALSE	FALSE	FALSE	FALSE	1
2457	36	1	お詫び	owabi	apologize, apology	FALSE	FALSE	FALSE	FALSE	FALSE	FALSE	1
2458	36	1	大根	daikon	oriental radish	FALSE	FALSE	FALSE	FALSE	FALSE	FALSE	1
2459	36	1	むく	muku	peel (something)	FALSE	FALSE	FALSE	FALSE	FALSE	FALSE	1
2460	36	1	例年	reinen	typical year, average year	FALSE	FALSE	FALSE	FALSE	FALSE	FALSE	1
2461	36	2	締め切り	shimekiri	deadline	FALSE	FALSE	FALSE	FALSE	FALSE	FALSE	1
2462	36	2	正に	masani	just, surely	FALSE	FALSE	FALSE	FALSE	FALSE	FALSE	1
2463	36	2	蛇	hebi	snake	FALSE	FALSE	FALSE	FALSE	FALSE	FALSE	1
2464	36	2	ラッシュ	rasshu	rush, rush hour	FALSE	FALSE	FALSE	FALSE	FALSE	FALSE	1
2465	36	2	大げさ	oogesa	exaggerated	FALSE	FALSE	FALSE	FALSE	FALSE	FALSE	1
2466	36	2	無理やり	muriyari	forcibly, against one’s will	FALSE	FALSE	FALSE	FALSE	FALSE	FALSE	1
2467	36	2	外食	gaishoku	eating out, dining out	FALSE	FALSE	FALSE	FALSE	FALSE	FALSE	1
2468	36	2	キャベツ	kyabetsu	cabbage	FALSE	FALSE	FALSE	FALSE	FALSE	FALSE	1
2469	36	2	手足	teashi	hands and feet, limbs	FALSE	FALSE	FALSE	FALSE	FALSE	FALSE	1
2470	36	2	閉店	heiten	shop closing	FALSE	FALSE	FALSE	FALSE	FALSE	FALSE	1
2471	36	3	百貨店	hyakkaten	department store	FALSE	FALSE	FALSE	FALSE	FALSE	FALSE	1
2472	36	3	クッキー	kukkii	cookie	FALSE	FALSE	FALSE	FALSE	FALSE	FALSE	1
2473	36	3	車椅子	kurumaisu	wheelchair	FALSE	FALSE	FALSE	FALSE	FALSE	FALSE	1
2474	36	3	大雨	ooame	heavy rain	FALSE	FALSE	FALSE	FALSE	FALSE	FALSE	1
2475	36	3	鳩	hato	pigeon, dove	FALSE	FALSE	FALSE	FALSE	FALSE	FALSE	1
2476	36	3	中級	chuukyuu	middle-class, intermediate	FALSE	FALSE	FALSE	FALSE	FALSE	FALSE	1
2478	36	3	ひょっとしたら	hyottoshitara	perhaps	FALSE	FALSE	FALSE	FALSE	FALSE	FALSE	1
2479	36	3	ぐるぐる	guruguru	round and round	FALSE	FALSE	FALSE	FALSE	FALSE	FALSE	1
2480	36	3	和食	washoku	Japanese-style food	FALSE	FALSE	FALSE	FALSE	FALSE	FALSE	1
2481	36	4	どく	doku	get out of the way, step aside	FALSE	FALSE	FALSE	FALSE	FALSE	FALSE	1
2482	36	4	ウエスト	uesuto	waist	FALSE	FALSE	FALSE	FALSE	FALSE	FALSE	1
2483	36	4	忘年会	bounenkai	year-end party	FALSE	FALSE	FALSE	FALSE	FALSE	FALSE	1
2484	36	4	包丁	houchou	kitchen knife	FALSE	FALSE	FALSE	FALSE	FALSE	FALSE	1
2487	36	4	未成年	miseinen	minor, underage	FALSE	FALSE	FALSE	FALSE	FALSE	FALSE	1
2488	36	4	甥	oi	nephew	FALSE	FALSE	FALSE	FALSE	FALSE	FALSE	1
2489	36	4	葉っぱ	happa	leaf	FALSE	FALSE	FALSE	FALSE	FALSE	FALSE	1
2490	36	4	やり直す	yarinaosu	do over again	FALSE	FALSE	FALSE	FALSE	FALSE	FALSE	1
2491	36	5	大晦日	oomisoka	new year’s eve	FALSE	FALSE	FALSE	FALSE	FALSE	FALSE	1
2493	36	5	病人	byounin	sick person	FALSE	FALSE	FALSE	FALSE	FALSE	FALSE	1
2494	36	5	顔色	kaoiro	complexion, facial expression	FALSE	FALSE	FALSE	FALSE	FALSE	FALSE	1
2496	36	5	にらむ	niramu	glare, stare	FALSE	FALSE	FALSE	FALSE	FALSE	FALSE	1
2497	36	5	つかまる	tsukamaru	hold on to (something)	FALSE	FALSE	FALSE	FALSE	FALSE	FALSE	1
2499	36	5	散らかる	chirakaru	be in a mess, lie scattered	FALSE	FALSE	FALSE	FALSE	FALSE	FALSE	1
2500	36	5	上がる	agaru	get nervous	FALSE	FALSE	FALSE	FALSE	FALSE	FALSE	1
2501	36	6	かぼちゃ	kabocha	pumpkin	FALSE	FALSE	FALSE	FALSE	FALSE	FALSE	1
2502	36	6	水族館	suizokukan	aquarium	FALSE	FALSE	FALSE	FALSE	FALSE	FALSE	1
2503	36	6	品切れ	shinagire	sold out	FALSE	FALSE	FALSE	FALSE	FALSE	FALSE	1
2504	36	6	腫れる	hareru	swell up, be swollen	FALSE	FALSE	FALSE	FALSE	FALSE	FALSE	0
2505	36	6	やり直し	yarinaoshi	doing over, redoing	FALSE	FALSE	FALSE	FALSE	FALSE	FALSE	1
2506	36	6	バーゲン	baagen	bargain sale	FALSE	FALSE	FALSE	FALSE	FALSE	FALSE	1
2508	36	6	近道	chikamichi	shortcut	FALSE	FALSE	FALSE	FALSE	FALSE	FALSE	1
2510	36	6	好奇心	koukishin	curiosity	FALSE	FALSE	FALSE	FALSE	FALSE	FALSE	0
2511	36	7	実用的	jitsuyouteki	practical	FALSE	FALSE	FALSE	FALSE	FALSE	FALSE	1
2512	36	7	客観的	kyakkanteki	objective	FALSE	FALSE	FALSE	FALSE	FALSE	FALSE	1
2513	36	7	抽象的	chuushouteki	abstract	FALSE	FALSE	FALSE	FALSE	FALSE	FALSE	1
2514	36	7	送別会	soubetsukai	farewell party	FALSE	FALSE	FALSE	FALSE	FALSE	FALSE	1
2515	36	7	敷金	shikikin	deposit, security deposit	FALSE	FALSE	FALSE	FALSE	FALSE	FALSE	1
2516	36	7	日米	nichibei	Japan and the US	FALSE	FALSE	FALSE	FALSE	FALSE	FALSE	1
2517	36	7	専門家	senmonka	specialist, expert	FALSE	FALSE	FALSE	FALSE	FALSE	FALSE	1
2518	36	7	ホット	hotto	hot	FALSE	FALSE	FALSE	FALSE	FALSE	FALSE	1
2520	36	7	初詣	hatsumoude	first shrine visit of the new year	FALSE	FALSE	FALSE	FALSE	FALSE	FALSE	1
2521	37	1	ジョギング	jogingu	jogging	FALSE	FALSE	FALSE	FALSE	FALSE	FALSE	1
2522	37	1	社会人	shakaijin	working member of society	FALSE	FALSE	FALSE	FALSE	FALSE	FALSE	1
2523	37	1	大急ぎ	ooisogi	in a great hurry	FALSE	FALSE	FALSE	FALSE	FALSE	FALSE	1
2525	37	1	くしゃくしゃ	kushakusha	messy, crumpled	FALSE	FALSE	FALSE	FALSE	FALSE	FALSE	0
2526	37	1	食パン	shokupan	bread in a rectangular shape	FALSE	FALSE	FALSE	FALSE	FALSE	FALSE	1
2527	37	1	人差し指	hitosashiyubi	index finger, forefinger	FALSE	FALSE	FALSE	FALSE	FALSE	FALSE	1
2529	37	1	じめじめ	jimejime	damp	FALSE	FALSE	FALSE	FALSE	FALSE	FALSE	1
2530	37	1	じろじろ	jirojiro	staringly	FALSE	FALSE	FALSE	FALSE	FALSE	FALSE	1
2531	37	2	つるつる	tsurutsuru	smooth, slippery	FALSE	FALSE	FALSE	FALSE	FALSE	FALSE	0
2532	37	2	こしょう	koshou	pepper	FALSE	FALSE	FALSE	FALSE	FALSE	FALSE	1
2533	37	2	びしょびしょ	bishobisho	soaking wet, soaked	FALSE	FALSE	FALSE	FALSE	FALSE	FALSE	1
2534	37	2	ぎゅうぎゅう	gyuugyuu	packed, crammed	FALSE	FALSE	FALSE	FALSE	FALSE	FALSE	0
2535	37	2	バツ	batsu	cross, x-mark (on errors, mistakes etc.)	FALSE	FALSE	FALSE	FALSE	FALSE	FALSE	1
2536	37	2	水色	mizuiro	light blue	FALSE	FALSE	FALSE	FALSE	FALSE	FALSE	1
2537	37	2	領収書	ryoushuusho	bill of receipt (for payment only)	FALSE	FALSE	FALSE	FALSE	FALSE	FALSE	1
2538	37	2	自然に	shizenni	naturally	FALSE	FALSE	FALSE	FALSE	FALSE	FALSE	1
2539	37	2	とんかつ	tonkatsu	pork cutlet	FALSE	FALSE	FALSE	FALSE	FALSE	FALSE	1
2541	37	3	きゅうり	kyuuri	cucumber	FALSE	FALSE	FALSE	FALSE	FALSE	FALSE	1
2542	37	3	鰻	unagi	eel	FALSE	FALSE	FALSE	FALSE	FALSE	FALSE	1
2543	37	3	まぐろ	maguro	tuna	FALSE	FALSE	FALSE	FALSE	FALSE	FALSE	1
2545	37	3	ほうれん草	hourensou	spinach	FALSE	FALSE	FALSE	FALSE	FALSE	FALSE	1
2547	37	3	玉ねぎ	tamanegi	onion	FALSE	FALSE	FALSE	FALSE	FALSE	FALSE	1
2549	37	3	目薬	megusuri	eye drops	FALSE	FALSE	FALSE	FALSE	FALSE	FALSE	1
2550	37	3	寝過ごす	nesugosu	oversleep	FALSE	FALSE	FALSE	FALSE	FALSE	FALSE	1
2551	37	4	国際的	kokusaiteki	international	FALSE	FALSE	FALSE	FALSE	FALSE	FALSE	1
2552	37	4	国際化	kokusaika	internationalization	FALSE	FALSE	FALSE	FALSE	FALSE	FALSE	1
2553	37	4	区役所	kuyakusho	ward office	FALSE	FALSE	FALSE	FALSE	FALSE	FALSE	1
2554	37	4	和室	washitsu	Japanese-style room	FALSE	FALSE	FALSE	FALSE	FALSE	FALSE	1
2555	37	4	本格的	honkakuteki	authentic, serious	FALSE	FALSE	FALSE	FALSE	FALSE	FALSE	1
2556	37	4	高速道路	kousokudouro	freeway, expressway	FALSE	FALSE	FALSE	FALSE	FALSE	FALSE	1
2557	37	4	とりあえず	toriaezu	for now, for the time being	FALSE	FALSE	FALSE	FALSE	FALSE	FALSE	1
2558	37	4	先に	sakini	before, ahead	FALSE	FALSE	FALSE	FALSE	FALSE	FALSE	1
2559	37	4	ぎりぎり	girigiri	just in time, barely	FALSE	FALSE	FALSE	FALSE	FALSE	FALSE	1
2560	37	4	慌ただしい	awatadashii	busy and hurried	FALSE	FALSE	FALSE	FALSE	FALSE	FALSE	1
2561	37	5	今ごろ	imagoro	by now, at this time	FALSE	FALSE	FALSE	FALSE	FALSE	FALSE	1
2562	37	5	くっ付く	kuttsuku	stick, be attached	FALSE	FALSE	FALSE	FALSE	FALSE	FALSE	1
2563	37	5	北風	kitakaze	north wind	FALSE	FALSE	FALSE	FALSE	FALSE	FALSE	1
2564	37	5	海老	ebi	shrimp	FALSE	FALSE	FALSE	FALSE	FALSE	FALSE	1
2565	37	5	思い切って	omoikitte	daringly, taking the plunge	FALSE	FALSE	FALSE	FALSE	FALSE	FALSE	1
2566	37	5	はっと	hatto	taken aback, startled	FALSE	FALSE	FALSE	FALSE	FALSE	FALSE	0
2567	37	5	宛先	atesaki	recipient’s address	FALSE	FALSE	FALSE	FALSE	FALSE	FALSE	1
2568	37	5	ばらばら	barabara	separately, discretely	FALSE	FALSE	FALSE	FALSE	FALSE	FALSE	1
2569	37	5	乗車券	joushaken	train ticket, bus ticket	FALSE	FALSE	FALSE	FALSE	FALSE	FALSE	1
2570	37	5	ぶるぶる	buruburu	shivering, trembling	FALSE	FALSE	FALSE	FALSE	FALSE	FALSE	0
2571	37	6	すらすら	surasura	smoothly, easily	FALSE	FALSE	FALSE	FALSE	FALSE	FALSE	0
2572	37	6	終電	shuuden	last train	FALSE	FALSE	FALSE	FALSE	FALSE	FALSE	1
2573	37	6	ずるい	zurui	cunning, sneaky	FALSE	FALSE	FALSE	FALSE	FALSE	FALSE	1
2574	37	6	すやすや	suyasuya	(sleep) peacefully, soundly	FALSE	FALSE	FALSE	FALSE	FALSE	FALSE	0
2575	37	6	がたがた	gatagata	with a rattling noise, unstable	FALSE	FALSE	FALSE	FALSE	FALSE	FALSE	0
2576	37	6	非常口	hijouguchi	emergency exit	FALSE	FALSE	FALSE	FALSE	FALSE	FALSE	1
2577	37	6	ざらざら	zarazara	rough, gritty	FALSE	FALSE	FALSE	FALSE	FALSE	FALSE	0
2578	37	6	ぬるぬる	nurunuru	slimy	FALSE	FALSE	FALSE	FALSE	FALSE	FALSE	1
2580	37	6	急用	kyuuyou	urgent business	FALSE	FALSE	FALSE	FALSE	FALSE	FALSE	1
2581	37	7	きょろきょろ	kyorokyoro	look around	FALSE	FALSE	FALSE	FALSE	FALSE	FALSE	1
2582	37	7	ぐずぐず	guzuguzu	slowly, tardily	FALSE	FALSE	FALSE	FALSE	FALSE	FALSE	0
2583	37	7	ぽかぽか	pokapoka	pleasantly warm	FALSE	FALSE	FALSE	FALSE	FALSE	FALSE	0
2584	37	7	洗い物	araimono	dishes to be washed	FALSE	FALSE	FALSE	FALSE	FALSE	FALSE	1
2585	37	7	かっと	katto	in a temper, in a rage	FALSE	FALSE	FALSE	FALSE	FALSE	FALSE	1
2586	37	7	どきっと	dokitto	surprised, shocked	FALSE	FALSE	FALSE	FALSE	FALSE	FALSE	0
2587	37	7	乗り遅れる	noriokureru	miss (a train, bus, etc.)	FALSE	FALSE	FALSE	FALSE	FALSE	FALSE	1
2588	37	7	くたくた	kutakuta	exhausted	FALSE	FALSE	FALSE	FALSE	FALSE	FALSE	0
2589	37	7	すべすべ	subesube	smooth, silky	FALSE	FALSE	FALSE	FALSE	FALSE	FALSE	0
2590	37	7	にやにや	niyaniya	grin to oneself	FALSE	FALSE	FALSE	FALSE	FALSE	FALSE	1
2591	38	1	あだ名	adana	nickname	FALSE	FALSE	FALSE	FALSE	FALSE	FALSE	1
2592	38	1	後片付け	atokataduke	cleaning up	FALSE	FALSE	FALSE	FALSE	FALSE	FALSE	1
2593	38	1	イカ	ika	squid	FALSE	FALSE	FALSE	FALSE	FALSE	FALSE	1
2594	38	1	うきうき	ukiuki	excitedly	FALSE	FALSE	FALSE	FALSE	FALSE	FALSE	1
2595	38	1	可愛がる	kawaigaru	love, cherish	FALSE	FALSE	FALSE	FALSE	FALSE	FALSE	1
2596	38	1	餃子	gyouza	Chinese dumpling	FALSE	FALSE	FALSE	FALSE	FALSE	FALSE	1
2597	38	1	げらげら	geragera	(laugh) out loud	FALSE	FALSE	FALSE	FALSE	FALSE	FALSE	0
2599	38	1	明々後日	shiasatte	three days from today	FALSE	FALSE	FALSE	FALSE	FALSE	FALSE	1
2600	38	1	削減	sakugen	cutdown, reduction	FALSE	FALSE	FALSE	FALSE	FALSE	FALSE	1
