Vocab-expression	Vocab-meaning	Vocab-sound-local
一つ	one (thing)	hitotsu
二つ	two (things)	futatsu
円	yen	en
金	money	kin
これ	this, this one	kore
水曜日	Wednesday	suiyoubi
あれ	that over there	are
先	ahead, first	saki
八日	eight days, 8th of the month	youka
そば	side, vicinity	soba
こっち	here	kotchi
右	right	migi
あげる	give	ageru
ここ	here	koko
とても	very	totemo
七	seven	shichi
手	hand	te
おなか	stomach	onaka
空く	be empty	aku
一日	1st of the month	tsuitachi
日曜日	Sunday	nichiyoubi
七つ	seven (things)	nanatsu
どれ	what, which	dore
私	I	watashi
好き	favorite, liked	suki
ゲーム	game	geemu
一人	one, one person	hitori
友達	friend, companion	tomodachi
帰る	return, go back	kaeru
元気	healthy, energetic	genki
天気	weather	tenki
少ない	few, little	sukunai
晴れる	be sunny, clear up	hareru
上	up, above	ue
ドア	door	doa
開く	open	hiraku
口	mouth	kuchi
閉める	shut, close	shimeru
時間	time, hour	jikan
六日	six days, 6th of the month	muika
後ろ	back, behind	ushiro
十日	ten days, 10th of the month	touka
午前	morning, a.m.	gozen
今晩	this evening, tonight	konban
土曜日	Saturday	doyoubi
金曜日	Friday	kinyoubi
月	moon	gatsu
夜	night (from sunset to sunrise)	yoru
食べる	eat	taberu
何	what, which	nani
晩	evening (usually from sunset to bedtime)	ban
ご飯	cooked rice, meal	gomeshi
三つ	three (things)	mittsu
昼	daytime, midday	hiru
見つかる	be found, be caught	mitsukaru
それ	that, that one	sore
男	man, male	otoko
今週	this week	konshuu
こう	like this, this kind of	kou
会う	meet	au
月曜日	Monday	getsuyoubi
昨日	yesterday	kinou
休む	take a day off, take a break	yasumu
今日	today	kyou
木曜日	Thursday	mokuyoubi
場合	situation, case	baai
つける	switch on	tsukeru
駅	railway station	eki
止める	stop, give up, abolish	yameru
歩く	walk, go on foot	aruku
近く	near, close to	chikaku
もっと	more	motto
近い	near, soon	chikai
近く	vicinity, nearby	chikaku
全部	all, wholly	zenbu
国	country	kuni
漢字	character, kanji	kanji
赤い	red	akai
どちら	which	dochira
米	rice (grain)	kome
まずい	bad-tasting, bad	mazui
無い	to not be	nai
作る	make, create	tsukuru
使う	use	tsukau
消す	switch off, turn off	kesu
閉まる	be shut, be closed	shimaru
前	front, before	mae
店	shop, store	mise
部屋	room	heya
夏	summer	natsu
暑い	hot, warm (temperature of the air)	atsui
熱い	hot (things, touch)	atsui
冬	winter	fuyu
入る	enter	iru
寒い	cold (temperature of the air)	samui
春	spring	haru
暖かい	warm	atatakai
見つける	find	mitsukeru
テーブル	table	teeburu
古い	old	furui
悪い	bad	warui
思う	think	omou
そう	in such manner, that way	sou
どう	how, what	dou
考える	think, consider	kangaeru
決める	decide, agree upon	kimeru
高い	high, tall	takai
多い	lots of	ooi
午後	afternoon, p.m.	gogo	0
重い	heavy	omoi
九日	nine days, 9th of the month	kokonoka
待つ	wait, wait for	matsu
二日	two days, 2nd of the month	futsuka
持つ	have, possess	motsu
朝	morning	asa
先生	teacher	sensei
電車	train	densha
四	four	shi
遠い	far, distant	tooi
名前	name	namae
大学	university, college	daigaku
勉強	study	benkyou
強い	strong	tsuyoi
弱い	weak	yowai
引く	draw, pull	hiku
質問	question	shitsumon
難しい	difficult	muzukashii
取る	take, get	toru
数	number	kazu
二	two	ni
四	four	shi
八	eight	hachi
勝つ	win	katsu
負ける	lose	makeru
本当に	really, truly	hontouni
他	other	hoka
時計	clock, watch	tokei
八つ	eight (things)	yatsu
払う	pay	harau
千	thousand	sen
四日	four days, 4th of the month	yokka
買う	buy	kau
十	ten	juu
要る	need, require	iru
忘れる	forget, leave behind	wasureru
乗る	ride, take	noru
着る	wear, put on	kiru
そこ	there	soko
次	next	tsugi
週	week	shuu
動く	move	ugoku
出る	go out, leave	deru
早い	early	hayai
時	time	toki
遅い	slow, late	osoi
始める	begin, start	hajimeru
学校	school	gakkou
一	one	ichi
年	year, age	nen
始まる	begin	hajimaru
ミーティング	meeting	miiteingu
終わり	end, conclusion	owari
去年	last year	kyonen
切る	cut	kiru
三日	three days, 3rd of the month	mikka
見る	see, look at	miru
楽しむ	enjoy	tanoshimu
飲み物	beverage, drink	nomimono
後	after	nochi
見せる	show	miseru
色	color	iro
直ぐ	at once, soon	sugu
書き直す	rewrite	kakinaosu
直る	be repaired, return to normal	naoru
道	road, street	michi
線	line	sen
曲がる	turn	magaru
左	left	hidari
曜日	day of the week	youbi
今年	this year	konnen
五	five	go
行く	go	iku
図書館	library	toshokan
未だ	yet, more	imada
ところ	place	tokoro
泊まる	stay overnight	tomaru
家	house, home	ie
安い	inexpensive, cheap	yasui
服	clothes	fuku
開ける	open, unlock	hirakeru
お父さん	father	otousan
父	(speaker's)father	chichi
話す	speak, tell	hanasu
母	(speaker's)mother	haha
働く	work	hataraku
姉	older sister	ane
大学生	university student	daigakusei
お姉さん	older sister	oneesan
上手	good, skilled	jouzu
妹	younger sister	imouto
お兄さん	older brother	oniisan
車	car, automobile	kuruma
高校生	high school student	koukousei
娘	daughter, girl	musume
九つ	nine (things)	kokonotsu
息子	son	musuko
六つ	six (things)	mutsu
女	woman, girl	onna
新しい	new	atarashii	1
今	now	ima
もう	already, yet	mou
学生	student	gakusei
よく	often	yoku
彼女	she, one's girlfriend	kanojo
聞く	hear, ask	kiku
若い	young	wakai
かなり	fairly, rather	kanari
住む	live, reside	sumu
立つ	stand, rise	tatsu
気持ち	feeling, sensation	kimochi
広い	wide, big	hiroi
走る	run	hashiru
売る	sell	uru
教える	teach, tell	oshieru
送る	send	okuru
書く	write	kaku
もらう	receive	morau
足	leg, foot	ashi
出来る	can do, be good at	dekiru
短い	short, brief	mijikai
いつも	always	itsumo
読む	read	yomu
いつ	when	itsu
速い	fast	hayai
耳	ear, hearing	mimi
上げる	raise, improve	ageru
楽しい	fun, enjoyable	tanoshii
しゃべる	chat, talk	shaberu
三	three	san
来る	come	kuru
良い	good	yoi
方	direction, side	hou
目	eye	me
六	six	roku
秋	autumn, fall	aki
結婚	marriage	kekkon
日	day	nichi
自転車	bicycle	jitensha
自分	self, oneself	jibun
ご主人	(your) husband	goshujin
終わる	finish, end	owaru
火曜日	Tuesday	kayoubi
違う	differ, be wrong	chigau
答える	answer, reply	kotaeru
別	another, different	betsu
なる	become	naru
ため	sake, purpose	tame
白い	white, blank	shiroi
閉じる	close	tojiru
出す	take out	dasu
仕事	work, job	shigoto
今月	this month	kongetsu
少し	a bit, a little while	sukoshi
酒	alcoholic drink, Japanese rice wine	sake
飲む	drink	nomu
大人	adult	otona
水	water	mizu
一杯	full	ippai
気	spirit, temperament	ki
分かる	understand	wakaru
遊ぶ	play	asobu
飛行機	airplane	hikouki
お願い	favor	onegai
続く	continue, follow	tsuzuku
首	neck	kubi
頭	head	atama
痛い	painful	itai
探す	search for, look for	sagasu
お手洗い	toilet, bathroom	otearai
冷たい	cold (things, touch)	tsumetai
汚い	dirty	kitanai
太い	thick, fat	futoi
九	nine	kyuu
弟	younger brother	otouto
神	god, spirit	kami
建てる	build, erect	tateru
大きい	big	ookii
同じ	same, identical	onaji
どこ	where	doko
置く	put, leave	oku
あそこ	over there	asoko
辺	vicinity, part	hen
黄色い	yellow	kiiroi
する	do, make	suru
やる	do	yaru
一緒に	together, at the same time	isshoni
来年	next year	rainen
緑	green, foliage	midori
易しい	easy, simple	yasashii
留学生	student studying abroad	ryuugakusei
戻る	return, turn back	modoru
起きる	get up, get out of bed	okiru
起こる	happen	okoru
起こす	wake up	okosu
起きる	occur	okiru
寝る	sleep, go to sleep	neru
多分	probably, perhaps	tabun
座る	sit, sit down	suwaru
本	book, volume	hon
細い	thin, slender, narrow	komai
日記	diary	nikki
時々	sometimes	tokidoki
締める	tighten, fasten	shimeru
甘い	sweet	amai
辛い	spicy, salty	tsurai
変える	change	kaeru
決まる	be decided	kimaru
優しい	gentle, kind	yasashii
人	person	nin
夫	husband	otto
知る	know	shiru
誰	who, whom	dare
親	parent	oya
愛する	love, care for	aisuru
くれる	be given	kureru
二十日	20 days, 20th of the month	hatsuka
妻	wife	tsuma
五日	five days, 5th of the month	itsuka
どうして	why	doushite
見える	be visible	mieru
兄	older brother	ani
酸っぱい	sour	suppai
小さい	small	chisai
言葉	word, language	kotoba
おいしい	tasty	oishii
呼ぶ	call, name	yobu
胸	chest	mune
腰	hip, lower back	koshi
載せる	place, put on	noseru
低い	low, short	hikui
一番	most	ichiban
背	height, stature	se
円	circle	en
覚える	memorize, learn	oboeru
片仮名	katakana	katakana
平仮名	hiragana	hiragana
悲しい	sad	kanashii
美しい	beautiful	utsukushii
食べ物	food	tabemono
言う	say, tell	iu
彼	he, one's boyfriend	kare
授業	class, lesson	jugyou
お母さん	mother	okaasan
手伝う	help, assist	tetsudau
飛ぶ	fly	tobu
歌う	sing	utau
死ぬ	die	shinu
大好き	love	daisuki
子供	child, kid	kodomo
狭い	narrow, restricted	semai
触る	touch, feel	furu
嫌い	dislike	kirai
七日	seven days, 7th of the month	nanoka
有る	exist, possess	aru
浴びる	take (a shower)	abiru
生きる	live (one's life)	ikiru
長い	long	nagai
髪の毛	hair	kaminoke
鼻	nose	hana
腕	arm	ude
四つ	four (things)	yotsu
みんな	all, everybody	minna
笑う	laugh, smile	warau
紙	paper	kami
下	under, below	shita
入れる	put in	ireru
よう	way, like, kind	you
掛ける	hang, put on	kakeru
肩	shoulder	kata
僕	I (young male)	boku
曇る	become cloudy	kumoru
駄目	no good	dame
上る	go up	noboru
落ちる	fall, sink	ochiru
体	body, health	karada
大丈夫	alright, OK	daijoubu
病気	illness	byouki
百	hundred	hyaku
風邪	cold (illness)	kaze
五つ	five (things)	itsutsu
顔	face	kao
軽い	light, light weight	karui
茶色	light brown	chairo
欲しい	want, desire	hoshii
万	ten thousand	man
奇麗	beautiful	kirei
渇く	be thirsty	kawaku
嬉しい	happy, glad	ureshii
感じる	feel, sense	kanjiru
なる	become	naru
りんご	apple	ringo
ほとんど	almost, hardly	hotondo
十分	full, plentiful	juubun
分	amount, part, share	fun
スポーツ	sport	supootsu
今まで	until now, so far	imamade
ごみ	rubbish, trash	gomi
なぜ	why, for what reason	naze
いつでも	always, at all times	itsudemo
バス	bus	basu
ピクニック	picnic	pikunikku
あちら	way over there	achira
少年	boy	shounen
きつい	tight, difficult	kitsui
キャッシュカード	cash card	kyasshukaado
あんなに	that, so	annani
カップ	cup	kappu
ノック	knock	nokku
クリーニング	cleaning, laundry	kuriiningu
あなた	you	anata
ようこそ	welcome	youkoso
しばらく	awhile, long time, for the time being	shibaraku
出口	exit, exit ramp	deguchi
大分	very, greatly	ooita
ハンカチ	handkerchief	hankachi
先週	last week	senshuu
男の子	boy, baby boy	otokonoko
おしゃれ	dressing up smartly, trendy	oshare
カレーライス	curried rice	kareeraisu
いたずら	mischief, prank	itazura
石	stone, small rock	ishi
林	woods, grove	hayashi
ぶどう	grapes	budou
オレンジ	orange	orenji
トマト	tomato	tomato
アナウンサー	news reader, announcer	anaunsaa
ボーイフレンド	boyfriend	booifurendo
ぺこぺこ	hungry, starving	pekopeko
シャープペンシル	mechanical pencil	shaapupenshiru
てんぷら	tempura, Japanese deep-fried breaded food	tenpura
キャンプ	camping, camp	kyanpu
家	house, home	ie
空気	air, atmosphere	kuuki
人気	popularity, temperament of the people, business conditions	ninki
山	mountain	yama
青い	blue	aoi
晴れ	fine weather, clear sky	hare
又	again, also, or	mata
ハイキング	hiking	haikingu
暗い	dark, dreary, shadowy	kurai
東	east, eastern	higashi
北	north	kita
向こう	the other side, the other party, opponent	mukou
向く	turn, face, look	muku
入り口	entrance	iriguchi
パーティー	party	paateii
ページ	page	peeji
ノート	note book, laptop	nooto
ふすま	sliding door, fusuma	fusuma
スーツ	suit	suutsu
初め	beginning	hajime
明後日	day after tomorrow	myougonichi
半年	half a year	hantoshi
半月	half a month	hantsuki
カーテン	curtain	kaaten
毎朝	every morning	maiasa
サンドイッチ	sandwich	sandoitchi
今夜	tonight, this evening	konya
ピンポン	table tennis, ping pong	pinpon
クリスマス	Christmas	kurisumasu
バナナ	banana	banana
バター	butter	bataa
サラダ	salad	sarada
ラーメン	ramen (Chinese noodles)	raamen
うどん	noodles, Japanese wheat noodles	udon
スプーン	spoon	supuun
そば	buckwheat noodles, soba	soba
ごちそうする	treat	gochisousuru
夕食	supper	yuushoku
ワイン	wine	wain
コーヒー	coffee	koohii
パン	bread	pan
ハンバーガー	hamburger	hanbaagaa
おかず	side dish	okazu
足りる	suffice, serve, be satisfied	tariru
ラケット	racket	raketto
インク	ink	inku
テレビ	television	terebi
最初	first, outset	saisho
はっきり	clearly	hakkiri
ニュース	news	nyuusu
休日	holiday, day off	kyuujitsu
ドラマ	drama, theater, soap opera	dorama
パスポート	passport	pasupooto
花見	flower viewing	hanami
言い方	way of speaking, expression	iikata
ゆっくり	slowly	yukkuri
テキスト	textbook, text, text file	tekisuto
語る	tell, talk	kataru
子	child, kid	ko
英語	English	eigo
右手	right hand	migite
字	character, letter	ji
覚める	awake, wake up	sameru
覚ます	awaken, wake up	samasu
いずれ	eventually, sometime	izure
おじさん	uncle	ojisan
話し合う	discuss, talk over	hanashiau
行う	do, carry out	okonau
向かう	face, confront, head toward	mukau
明日	tomorrow	ashita
仕方	way, method	shikata
休み	rest, holiday, absence	yasumi
帰り	return, going home	kaeri
大事	importance	daiji	1
半日	half a day	hannichi
まま	as is, still (in the current state)	mama
電話	telephone, phone call	denwa
電気	electricity, electric light	denki
夜中	midnight, dead of night	yonaka
開く	open	hiraku
ホーム	platform	hoomu
上り	going up, ascent	nobori
駅員	station employee	ekiin
一方	one way	ippou
通り	passage, street	touri
通う	go to and from, frequent a place	kayou
ゼロ	zero	zero
車	car	kuruma
通る	pass, take, go through	touru
道路	road, street	douro
地図	map, atlas	chizu
なお	still, in addition	nao
つもり	intention, purpose	tsumori
止める	stop, turn off	yameru
止まる	come to a stop, cease	tomaru
止む	stop, abate	tomu
森	thick woods, forest	mori
歩道	sidewalk, footpath	hodou
川	river, stream	kawa
今度	this time, next time	kondo
そんなに	that, so	sonnani
ガソリンスタンド	gas station	gasorinsutando
社長	president (of a company)	shachou
長さ	length	nagasa
海	sea, ocean	umi
全く	entirely, truly, indeed	mattaku
七	seven	shichi
人口	population	jinkou
億	hundred million	oku
黒	black	kuro
ミルク	milk, baby milk	miruku
銀行	bank	ginkou
牛肉	beef	gyuuniku
グラム	gram	guramu
魚	fish	sakana
野菜	vegetable	yasai
本屋	bookstore, bookseller	honya
八百屋	vegetable store, greengrocer	yaoya
そっち	there, thou	sotchi
そば屋	soba restaurant	sobaya
たばこ屋	cigarette shop, tobacco store	tabakoya
つく	be on, switched on	tsuku
茶	tea (plain form)	cha
お茶	tea (polite)	ocha
茶わん	tea cup, rice bowl	chawan
週末	weekend	shuumatsu
レストラン	restaurant	resutoran
無理	unreasonable, impossible, forced	muri
無くなる	disappear, run short, get lost	nakunaru
作文	composition, essay	sakubun
ジャム	jam	jamu
ジャガイモ	potato	jagaimo
ストーブ	paraffin heater, stove	sutoobu
交通費	traveling expense, transportation cost	koutsuuhi
火	fire	hi
売り場	sales floor, department	uriba
サービス	service, on the house	saabisu
何度	how many degrees, how many times	nando
商品	goods, commodities	shouhin
上がる	go up, rise	agaru
ビル	building	biru
エスカレーター	escalator	esukareetaa
階段	steps, flight of stairs	kaidan
下りる	go down, come down	oriru
値段	price	nedan
ちょうど	just, as if	choudo
価格	price, cost	kakaku
最後	last, final	saigo
売れる	sell, be in demand	ureru
夏休み	summer vacation	natsuyasumi
プール	pool	puuru
日	sun, sunlight, day	nichi
スキー	ski, skiing	sukii
四季	the four seasons	shiki
クーラー	air conditioning, cooler	kuuraa
アイス	popsicle, ice lolly	aisu
外	outside, open air	soto
熱	heat, fever	netsu
下がる	come down, hang down, fall	sagaru
ウール	wool	uuru
暖める	warm, warm up, heat up	atatameru
暖まる	get warm	atatamaru
達する	attain, reach	tassuru
温度	temperature	ondo
気温	temperature	kion
台風	typhoon	taifuu
事情	circumstances, conditions	jijou
コンピューター	computer	konpyuutaa
コート	court	kooto
新年	New Year	shinnen
寺	buddhist temple	tera
カセットテープ	cassette tape	kasettoteepu
台	stand, platform	dai
少しも	at all	sukoshimo
安心	peace of mind, relief	anshin
ハンドバッグ	handbag	handobaggu
ライター	lighter	raitaa
考え	thought, view, idea	kangae
解決	solution, settlement	kaiketsu
つまり	in short, basically	tsumari
女の子	girl, daughter	onnanoko
可能	possible, potential	kanou
不便	inconvenient	fuben
郵便屋さん	mailman	yuubinyasan
あっち	other side, there	atchi
火事	fire	kaji
交番	police box	kouban
番号	number, serial number	bangou
近所	neighborhood	kinjo
住所	one's dwelling, address	juusho
ぶらぶら	wander aimlessly, hang about	burabura
便所	lavatory, bathroom	benjo
ボールペン	ballpoint pen	boorupen
名字	surname, family name	myouji
ローマ字	Roman alphabet	roomaji
氏名	name	shimei
外人	foreigner, alien	gaijin
南	south	minami
初めて	for the first time	hajimete
水道	water service, channel	suidou
都市	cities, urban community	toshi
都合	circumstances	tsugou
朝御飯	breakfast	asagohan
心配	anxiety, worry, good offices	shinpai
見送り	seeing someone off	miokuri
コース	course, route	koosu
メモ	memorandum, memo pad	memo
取れる	come off, be removed	toreru
ティッシュ	tissue	teisshu
いつごろ	about when, about what time	itsugoro
書き取る	write down, note down	kakitoru
なかなか	not at all, hardly	nakanaka
郵便	mail service, postal matter	yuubin
そのまま	like that, unchanged	sonomama
持つ	maintain, last long	motsu
バッグ	bag	baggu
マッチ	match, matchbox	matchi
ビデオテープ	videotape	bideoteepu
持って行く	take	motsuteiku
持って来る	bring	motsutekuru
ソファー	sofa, sofa bed	sofaa
投げる	throw, abandon	nageru
女性	woman, female	josei
生産	production	seisan
有名	famous	yuumei
生徒	pupil, student	seito
グループ	group	guruupu
来月	next month	raigetsu
見学	observation tour, study tour, field trip	kengaku
通学	attending school, going to school	tsuugaku
ビザ	visa	biza
可	permitted, OK	ka
小学校	elementary school	shougakkou
クラス	class	kurasu
校長	principal, schoolmaster	kouchou
休校	temporary closure of school	kyuukou
忘れ物	something left behind, lost item	wasuremono
場所	place, space	basho
読み方	way of reading, reading	yomikata
育つ	be brought up, grow	sodatsu
ソフト	software, programme	sofuto
風	wind	kaze
ウィスキー	whisky	uisukii
取引	transaction, dealings	torihiki
ボタン	button	botan
押さえる	hold down	osaeru
ピアノ	piano	piano
慣れる	grow accustomed to	nareru
習慣	custom, habit	shuukan
何	what, which	nani
問題	problem, question	mondai
最近	late, recent	saikin
社会	society	shakai
部分	part, section	bubun
これら	these	korera
簡単	simple, easy	kantan
複雑	complicated, intricate	fukuzatsu
人間	human being, people	ningen
外国語	foreign language	gaikokugo
数える	count, calculate	kazoeru
回す	turn, rotate	mawasu
担当	person in charge	tantou
本当	truth, reality	hontou
方法	method, procedure	houhou
法律	law	houritsu
経験	experience	keiken
経つ	pass, elapse	hetsu
経済	economy, economics	keizai
工業	industry, manufacturing industry	kougyou
便利	convenience, handiness	benri
製造	production, manufacture	seizou
必要	need, necessity	hitsuyou
作業	work, operation	sagyou
協力	cooperation, collaboration	kyouryoku
シャツ	shirt	shatsu
重さ	weight	omosa
割り算	division	warizan
残る	remain, be left over	nokoru
ペン	pen	pen
貸し出す	lend, lend out	kashidasu
消しゴム	eraser	keshigomu
混む・込む	be crowded, be congested	komu.komu
期待	expectation, anticipation	kitai
期間	term, period	kikan
時期	time, season	jiki
限る	be limited to	kagiru
急ぐ	hurry, hasten	isogu
急に	suddenly, unexpectedly	kyuuni
急行	express train, going in a hurry	kyuukou
思い出す	recollect, recall	omoidasu
切れる	run out, expire, can cut	kireru
郵便局	post office	yuubinkyoku
ナイフ	knife	naifu
切手	postage stamp	kitte
チーズ	cheese	chiizu
売り切れ	sellout, sold out	urikire
切符	ticket	kippu
入場券	entrance ticket	nyuujouken
家賃	rent	yachin
時代	age, antiquity	jidai
定期券	commuter's pass	teikiken
予定	schedule, plan	yotei
天気予報	weather forecast	tenkiyohou
カレンダー	calendar	karendaa
予習	preparation, previewing (a lesson)	yoshuu
九	nine	kyuu
予約	reservation, subscription	yoyaku
チャンネル	channel	channeru
変化	change	henka
強化	strengthening	kyouka
文化	culture	bunka
増える	increase, accrue	fueru
外国人	foreigner	gaikokujin
減る	decrease, diminish	heru
減らす	decrease, reduce	herasu
雨	rain	ame
雪	snow, snowfall	yuki
もし	if, in case of	moshi
エレベーター	elevator	erebeetaa
きっと	surely, certainly	kitto
ざあざあ	heavily, pouring	zaazaa
ホテル	hotel	hoteru
必ず	without fail, certainly	kanarazu
夕方	evening	yuugata
コート	coat, jacket	kooto
パジャマ	pajamas	pajama
そちら	there, that way	sochira
レインコート	raincoat	reinkooto
上着	coat, jacket	uwagi
役に立つ	be useful, be helpful	yakunitatsu
席	seat, one's place	seki
空く	become available or vacant	aku
代える	substitute, use in place of	kaeru
全国	the whole country	zenkoku
降りる	get off, land	oriru
次男	second son	jinan
次女	second daughter	jijo
方	person　（polite form)	hou	0
運ぶ	carry, transport	hakobu
ウェーター	waiter	ueetaa
打つ	hit, strike	utsu
トラック	truck, lorry	torakku
動物	animal	doubutsu
早く	early, soon	hayaku
速達	special delivery, express mail	sokutatsu
開始	beginning	kaishi
制度	system, organization	seido
株	stocks, shares	kabu
テスト	test, exam	tesuto
そろそろ	soon, quietly	sorosoro
車道	road, roadway	shadou
始めに	in the beginning, early in	hajimeni
ほぼ	almost, nearly	hobo
やっと	at last, finally	yatto
現在	the present, present time	genzai
実施	enforcement, implementation	jisshi
事実	fact, truth	jijitsu
通過	passing, passage	tsuuka
過ぎる	pass by, exceed	sugiru
過去	the past	kako
発生	occurrence, happening	hassei
出発	departure, starting	shuppatsu
発車	start, leave	hassha
下り	downhill, going down	kudari
表	front side, face, outside	omote
表	table, list	omote
手紙	letter	tegami
ポスト	post box, letter box	posuto
返事	answer, reply	henji
作品	work of art, piece	sakuhin
雑誌	magazine, journal	zasshi
売店	booth, store	baiten
音	sound, noise	oto
工事	construction	kouji
下げる	lower, turn down	sageru
びっくりする	surprised	bikkurisuru
うるさい	noisy, annoying, pesky	urusai
変	strange, weird, funny	hen
音	sound, speech sound, Chinese pronunciation of a character	oto
生活	life, living	seikatsu
音楽	music	ongaku
段々	gradually, one after another	dandan
薬	drug, remedy, chemical	kusuri
歌	song	uta
歌手	singer	kashu
下手	not good at	heta
欲しがる	desire, wish for, covet	hosshigaru
一部	part	ichibu
絵	picture, painting, drawing	e
一人で	by oneself	hitoride
話	talk, story	hanashi
面白い	interesting, amusing	omoshiroi
全然	wholly, at all	zenzen
こんなに	this, so, such	konnani
写る	be taken, be seen through	utsuru
写真	photograph	shashin
真ん中	center, middle	mannaka
真っ白	pure-white	masshiro
真っ暗	pitch-dark	makkura
真っ黒	deep-black, jet-black	makkuro
真っ青	deep-blue, pale (skin)	massao
空	sky, weather	sora
品物	article, thing	shinamono
青	blue, green, green light	ao
どっち	which	dotchi
白	white	shiro
大型	large, large scale	oogata
重要	important, essential	juuyou
種類	kind, species	shurui
直す	repair, cure, alter	naosu
真っ直ぐ	dead straight, honestly	massugugu
売り切れる	be sold out, go out of stock	urikireru
三角	triangle	sankaku
四角	square, quadrilateral	shikaku
四角い	square, four-sided	shikakui
曲	song, melody, tune	kyoku
曲げる	bend, curve	mageru
交差点	crossing, intersection	kousaten
角	corner, edge, angle	kaku
四つ角	street corner, intersection	yotsukado
曲がり角	corner	magarikaku
計算	calculation	keisan
年度	year, school year	nendo
間違い	mistake, error	machigai
間違える	mistake, confuse	machigaeru
間違う	be mistaken, be incorrect	machigau
世界	world	sekai
多く	much, largely	ooku
毎年	every year	maitoshi
フィルム	film	firumu
思い出	recollections, memory	omoide
一昨年	the year before last	issakunen
やっぱり	just as I thought, after all	yappari
利用	utilization, usage	riyou
返す	return, repay	kaesu
がらがら	empty	garagara
旅館	Japanese inn	ryokan
泊める	lodge, give shelter	tomeru
トランプ	(a pack of) cards, (playing) cards	toranpu
おばさん	aunt	obasan
ドル	dollar	doru
洋服	clothes	youfuku
教室	classroom, class	kyoushitsu
図書室	library	toshoshitsu
販売	sale, selling	hanbai
窓	window, windowpane	mado
土地	land	tochi
届く	reach, be received	todoku
ずっと	all day, from start to finish	zutto
運転	drive	unten
サラリーマン	office worker, salaried worker, company employee	sarariiman
ネクタイ	tie, necktie	nekutai
ひげ	moustache, beard	hige
あくび	yawn	akubi
不動産屋	real estate agent, realtor	fudousanya
外国	foreign country	gaikoku
買い物	shopping, purchase	kaimono
台所	kitchen	daidokoro
毎週	every week	maishuu
読み	reading, judgment, foresight	yomi
スープ	soup, broth	suupu
タイプライター	typewriter	taipuraitaa
レコード	record	rekoodo
似ている	look like, resemble	niteiru
どんどん	knock	dondon
親切	kind, friendly	shinsetsu
店員	clerk, salesperson	ten'in
会話	conversation	kaiwa
不親切	unkind, inattentive	fushinsetsu
人々	people	hitobito
家族	family, household	kazoku
万歳	Banzai! Hurrah! Long live...!	banzai
長女	eldest daughter	choujo
姉さん	older sister, girl, miss	neesan
高校	high school	koukou
入学	enter a school, matriculate	nyuugaku
おしゃべり	chatter, talkative	oshaberi
チョコレート	chocolate	chokoreeto
二十歳	20 years old	hatachi
数学	mathematics	suugaku
ゴルフ	golf	gorufu
アルバイト	casual job, student job, part-time job	arubaito
バイク	motorbike, motor cycle	baiku
コーラ	cola, coke	koora
二階	second floor, upstairs	nikai
兄さん	older brother	niisan
アイスクリーム	ice cream	aisukuriimu
安全	safety, security	anzen
合格	passing an examination, eligibility	goukaku
練習	practice, training	renshuu
ピンク	pink	pinku
引き算	subtraction	hikizan
足し算	addition	tashizan
中学	junior high school	chuugaku
中学生	junior high school student	chuugakusei
中学校	junior high school	chuugakkou
小学生	schoolchildren, schoolboy	shougakusei
客	visitor, customer	kyaku
発表	announcement	happyou
若者	young person, youth	wakamono
企業	corporation, business	kigyou
計画	plan, project	keikaku
ロボット	robot	robotto
パソコン	personal computer	pasokon
明らか	clear, obvious	akiraka
工場	factory, plant	koujou
代表	representative	daihyou
能力	ability, capacity	nouryoku
運動	movement, exercise	undou
要求	requirement, demand	youkyuu
実行	practice, execution	jikkou
まとめる	gather together, put in order	matomeru
残す	leave, reserve, leave undone	nokosu
言語	language, speech	gengo
教育	education	kyouiku
同様	similar	douyou
当時	at that time, at the present time	touji
海外	overseas, abroad	kaigai
映画	movie	eiga
帰国	return to one's country	kikoku
遅れる	be late	okureru
移る	move, shift	utsuru
旅行	travel, trip	ryokou
マンション	apartment, apartment block, condominium	manshon
育てる	bring up, breed	sodateru
明るい	bright, cheerful	akarui
借りる	borrow	kariru
立てる	stand, set up, establish	tateru
アパート	apartment, flat, apartment house	apaato
長男	eldest son	chounan
黒い	black, dark	kuroi
受け取る	receive, understand	uketoru
渡す	carry across, hand over	watasu
グラフ	chart, graph	gurafu
ラジオ	radio	rajio
兄弟	sibling	kyoudai
運転手	driver	untenshu
見送る	see (someone) off	miokuru
おかしい	strange, peculiar, suspicious	okashii
荷物	baggage, load	nimotsu
貸す	lend, lease	kasu
人形	doll	ningyou
銀	silver	gin
届ける	deliver, give notice	todokeru
金持ち	wealthy person	kanemochi
ボール	ball	booru
オートバイ	motorbike, motorcycle	ootobai
習う	learn, practice	narau
左手	left hand	hidarite
着物	clothes, kimono	kimono
映画館	movie theater	eigakan
スイッチ	switch	suitchi
テニス	tennis	tenisu
おかしい	funny, amusing, comical	okashii
真面目	serious, sober, earnest	majime
申し込む	apply, make a proposal	moushikomu
バイオリン	violin	baiorin
配達	delivery	haitatsu
アルバム	album	arubamu
スカート	skirt	sukaato
物	thing, object	mono
この間	the other day, recently	konokan
ダンス	dance, dancing	dansu
パチンコ	pachinko (vertical pinball)	pachinko
つまらない	boring, dull	tsumaranai
書き方	how to write, way of writing	kakikata
スチュワーデス	flight attendant	suchuwaadesu
ワイシャツ	(business) shirt, (white) shirt	waishatsu
ブラウス	blouse	burausu	0
ステレオ	stereo	sutereo
早口	fast talking	hayakuchi
色々	in various ways	iroiro
降ろす	unload, set down	furosu
にこにこ	smile	nikoniko
アイロン	iron	airon
イヤリング	earrings	iyaringu
ガールフレンド	girlfriend	gaarufurendo
どきどき	feel excited, feel nervous	dokidoki
一昨日	day before yesterday	issakujitsu
ぺらぺら	fluently	perapera
エアメール	airmail	eameeru
やけど	burn	yakedo
大人しい	gentle, quiet, subdued	otonashii
上がる	get nervous, get stage fright	agaru
空手	karate, empty hand	karate
金	gold, sum of money, Friday	kin
年上	older, senior	toshiue
昼過ぎ	early afternoon	hirusugi
結合	combination, joining	ketsugou
私たち	we	watashitachi
教会	church	kyoukai
先月	last month	sengetsu
結果	result, outcome	kekka
果物	fruit	kudamono
課題	task, problem	kadai
課	section, division, lesson	ka
表現	expression	hyougen
立場	standpoint, position	tachiba
おもちゃ	toy, plaything	omocha
乗り物	vehicle, conveyance	norimono
自習	self-study, self-teaching	jishuu
理由	reason, cause	riyuu
自由	freedom	jiyuu
変わる	change	kawaru
信じる	believe, trust, have faith in	shinjiru
信号	signal, traffic light	shingou
赤	red, crimson	aka
頼む	ask, request	tanomu
市民	citizens, townsmen	shimin
決定	decision, settlement	kettei
報告	report	houkoku
議員	legislator	giin
会議	conference, meeting	kaigi
発言	utterance, speech	hatsugen
出席	attendance, presence	shusseki
コピー	copy, photocopy	kopii
配る	hand out, distribute, allot	kubaru
昼前	in the morning, before noon	hirumae
開発	development	kaihatsu
対立	opposition, antagonism	tairitsu
見方	view, way of looking	mikata
反対	oppose, object	hantai
対する	face, be in response to	taisuru
よく	well	yoku
写す	copy, photograph	utsusu
答え	answer, solution	kotae
特に	specially, particularly	tokuni
特急	super-express	tokkyuu
特別	special, extraordinary	tokubetsu
別々	separately	betsubetsu
別れる	separate, part from	wakareru
一般	general, common	ippan
目的	object, purpose	mokuteki
産業	industry	sangyou
普通	normal, regular	futsuu
並ぶ	line up, be parallel	narabu
並べる	line up, display, set up	naraberu
ごちそう	feast, treat	gochisou
平和	peace, harmony	heiwa
病院	hospital	byouin
入院	be hospitalized	nyuuin
お医者さん	doctor	oishasan
歯ブラシ	toothbrush	haburashi
教科書	textbook, schoolbook	kyoukasho
亡くなる	die, pass away	nakunaru
昼間	daytime, day	hiruma
疲れる	get tired, become fatigued	tsukareru
ふらふら	weak	furafura
禁煙	no smoking, giving up smoking	kin'en
酔っ払い	drunkard, boozer	yotsuharai
酔っ払う	get drunk	yotsuharau
もう	another, again	mou
コップ	cup, glass	koppu
危ない	dangerous, uncertain	abunai
プラスチック	plastic	purasuchikku
注目	attention, notice	chuumoku
注文	order, request	chuumon
意味	meaning, significance	imi
意見	opinion	iken
個人	individual	kojin
注意	attention, care, watch out	chuui
用意	prepare, ready oneself	youi
分かれる	be divided, disperse, branch off	wakareru
確認	confirmation	kakunin
機能	function, feature	kinou
材料	material, factor	zairyou
動かす	move, operate	ugokasu
基づく	be based on	motozuku
基本	basis, foundation	kihon
準備	provide for, prepare for	junbi
施設	facilities, institution	shisetsu
説明	explanation, description	setsumei
公開	opening (to the public)	koukai
公園	park, public garden	kouen
動物園	zoo	doubutsuen
チケット	ticket	chiketto
デート	date	deeto
昼休み	noon recess, lunch break	hiruyasumi
祭り	festival	matsuri
国際	international	kokusai
以上	not less than, more than	ijou
飛行場	airport, airfield	hikoujou
ジェット機	jet airplane	jiettoki
航空便	airmail	koukuubin
最大	biggest, largest	saidai
設計	design, plan	sekkei
遠く	great distance	tooku
下る	go down, go down or away from a central place	kudaru
船便	surface mail, shipping service	funabin
船	ship, boat, vessel	fune
空港	airport	kuukou
港	port, harbor	minato
島	island, isle	shima
完成	completion, finish	kansei
全体	whole, total	zentai
平成	Heisei era	heisei
成功	success	seikou
原因	cause, origin	gen'in
投資	investment	toushi
一定	constant, standard	ittei
今後	after this, in the future	kongo
願う	wish, ask a favor, apply for	negau
直接	directly	chokusetsu
カード	card, credit card	kaado
よろしく	properly, one's regards	yoroshiku
正確	accurate, precise	seikaku
正しい	correct, righteous, lawful	tadashii
遊び	play, amusement	asobi
正直	honest, upright	shoujiki
異なる	differ	kotonaru
通常	common, ordinary	tsuujou
技術	skill, technology	gijutsu
非常に	very, extremely	hijouni
強調	emphasis, stress	kyouchou
良い	good, suitable, preferable	yoi
季節	season	kisetsu
調査	investigation, inquiry	chousa
提供	offer, provide	teikyou
提案	proposition, proposal	teian
案内	guide, inform	annai
連れて行く	take (a person) along	tsureteiku
連れて来る	bring (a person)	tsuretekuru
続ける	continue, keep up	tsuzukeru
さっき	some time ago, only a moment ago	sakki
来週	next week	raishuu
動き	movement, motion	ugoki	0
相談	consultation, advice	soudan
医者	doctor	isha
記者	journalist, reporter	kisha
毎晩	every evening	maiban
記録	record, documentation	kiroku
テープ	tape, cassette	teepu
関する	concern, relate to	kansuru
関連	connection, relation	kanren
状況	state of affairs, conditions	joukyou
状態	state, appearance	joutai
治る	be cured, get well	naoru
政治	politics	seiji
政府	government, administration	seifu
党	political party	tou
政策	policy, political measures	seisaku
選ぶ	choose, elect	erabu
選手	representative athlete	senshu
彼ら	they	karera
サッカー	soccer, football	sakkaa
バスケットボール	basketball	basukettobooru
選挙	election	senkyo
候補	candidacy, candidate	kouho
首相	prime minister	shushou
首都	capital	shuto
マフラー	scarf, muffler	mafuraa
当たる	hit, strike	ataru
今朝	this morning	kesa
真っ赤	deep red	makka
タオル	towel	taoru
改革	reform	kaikaku
革	leather	kawa
番組	program	bangumi
録音	sound recording	rokuon
組織	organization, constitution, tissue	soshiki
進む	advance, move forward	susumu
科学	science	kagaku
進学	entering a school of higher grade	shingaku
大学院	graduate school	daigakuin
拡大	magnification, enlargement	kakudai
調べる	investigate, check	shiraberu
責任	responsibility, liability	sekinin
辞める	resign, retire	yameru
辞書	dictionary	jisho
会社	company, corporation	kaisha
大使館	embassy	taishikan
地下鉄	subway	chikatetsu
通勤	commuting, commutation	tsuukin
おじ	uncle	oji
勤める	serve, hold a job	tsutomeru
事務所	office, one's place of business	jimusho
事務室	office	jimushitsu
従来	former, old	juurai
命令	command, order	meirei
従兄弟	cousin	itoko
成績	results, record	seiseki
まあまあ	OK, not bad, average	maamaa
情報	information	jouhou
集める	collect, gather	atsumeru
集まる	gather, be collected	atsumaru
各国	every country	kakkoku
正月	New Year	shougatsu
採用	employment	saiyou
給料	salary, pay	kyuuryou
毎年	every year	maitoshi
卒業	graduation	sotsugyou
高等学校	senior high school	koutougakkou
受ける	receive, accept	ukeru
自動車	automobile	jidousha
就職	finding employment	shuushoku
退院	discharge from a hospital	taiin
契約	contract, agreement	keiyaku
交渉	negotiation, bargaining	koushou
関係	relation, relationship	kankei
スーパーマーケット	supermarket	suupaamaaketto
参加	participation	sanka
増加	increase, gain	zouka
加工	processing, manufacturing	kakou
いかが	how, what	ikaga
比べる	compare, contrast	kuraberu
評価	evaluation, appraisal	hyouka
対象	target, object	taishou
修理	repair, mending	shuuri
乗り換える	change, transfer	norikaeru
トイレットペーパー	toilet paper	toirettopeepaa
乗り換え	change, transfer	norikae
換える	exchange, convert	kaeru
着替える	change clothes	kigaeru
備える	provide for, furnish	sonaeru
破る	tear, break through, breach	yaburu
破れる	tear, rip open	yabureru
機械	machine	kikai
カメラ	camera	kamera
壊す	break, destroy, smash	kowasu
壊れる	break, break down, get out of order	kowareru
立派	fine, excellent	rippa
管理	management, administration	kanri
事件	affair, case	jiken
逮捕	arrest, capture	taiho
戦争	war, battle	sensou
捨てる	discard, abandon	suteru
スケート	skate, skates	sukeeto
ボート	boat	booto
電池	electric cell, battery	denchi
深い	deep, profound, intimate	fukai
深さ	depth, profundity	fukasa
浅い	shallow, superficial	asai
何か	something, some	nanika
割れる	crack, be divided, split	wareru
泳ぐ	swim	oyogu
たくさん	in large quantity, plenty	takusan
流行る	be in fashion, be popular	hayaru
先ず	first	mazu
洗う	wash	arau
下着	underwear	shitagi
洗面所	washroom, bathroom	senmenjo
油	oil, animal oil	abura
沈む	sink, set	shizumu
久しぶり	after a long time	hisashiburi
氷	ice	koori
冷える	cool down, feel chilly	hieru
冷やす	cool, chill	hiyasu
冷める	cool off, subside	sameru
凍る	freeze, congeal	kooru
故障	malfunction, fault, breakdown	koshou
セーター	sweater, pullover	seetaa
冷蔵庫	refrigerator	reizouko
涼しい	cool, refreshing	suzushii
ズボン	trousers, pants	zubon
汚す	make dirty, soil	yogosu
汚れる	become dirty, become defiled	yogoreru
景色	scenery, landscape	keshiki
影響	influence, effect	eikyou
光る	shine, emit light	hikaru
太る	grow fat, fatten	futoru
指	finger, toe	yubi
西	west, western	nishi
ぎらぎら	dazzling, glaring, blinding	giragira
存在	existence, being	sonzai
発見	discovery, revelation	hakken
きらきら	shining, sparkling	kirakira
星	star, planet, spot	hoshi
昨夜	last night, last evening	sakuya
回る	turn round, go round, detour	mawaru
うまい	good at	umai
野球	baseball	yakyuu
間	interval	kan
雲	cloud	kumo
曇り	cloudiness, cloudy weather	kumori
昨年	last year	sakunen
研究	research, study	kenkyuu
地震	earthquake	jishin
ガス	gas	gasu
震える	tremble, quiver, shake	furueru
揺れる	shake, sway, rock	yureru
ぐらぐら	wobble	guragura
神社	Shinto shrine	jinja
秘密	secret, privacy	himitsu
条件	condition, item	jouken
規則	rule, regulation	kisoku
暑さ	heat, summer heat	atsusa
寒さ	coldness, cold	samusa
年寄り	old person, older councilor	toshiyori
世紀	century	seiki
建設	construction, building	kensetsu
中心	center, middle	chuushin
建物	building, structure	tatemono
建つ	be built, be erected	tatsu
番地	lot number, address	banchi
構成	organization	kousei
構造	construction, structure	kouzou
渡る	cross, ford, go across	wataru
橋	bridge	hashi
ぶつかる	hit, bump into	butsukaru
柱	pillar, prop	hashira
広さ	area, extent	hirosa
新聞	newspaper	shinbun
位置	position, place	ichi
離婚	divorce	rikon
システム	system	shisutemu
バス停	bus stop	basutei
大会	mass meeting, tournament	taikai
周辺	environs, circumference	shuuhen
田んぼ	rice field	tanbo
聞こえる	hear, be heard	kikoeru
黄色	yellow	kiiro
横	side, width across	yoko
横書き	horizontal writing	yokogaki
段階	stage	dankai
判断	judgment, decision	handan
基準	standard, criterion	kijun
断る	refuse, turn down	kotowaru
横断歩道	pedestrian crossing, crosswalk	oudanhodou
大幅	drastically, substantially	oohaba
年間	period of one year	nenkan
訪れる	visit, call on	otozureru
訪ねる	visit, call on	tazuneru
冷房	air conditioning	reibou
暖房	heating	danbou
文房具	stationery, writing materials	bunbougu
メニュー	menu, bill of fare	menyuu
諸国	various countries	shokoku
対策	measure, action	taisaku
もちろん	of course, no doubt	mochiron
宿題	homework	shukudai
ランチ	lunch	ranchi
増やす	increase, add	fuyasu
緑色	green	ryokushoku
町	town, machi, city quarter	machi
貿易	trade, commerce	boueki
輸入	import	yunyuu
輸出	export	yushutsu
指輪	ring	yubiwa
大切	important, valuable	taisetsu
往復	going and returning, round trip	oufuku
復習	review	fukushuu
繰り返す	repeat	kurikaesu
国内	domestic, internal	kokunai
広がる	spread out, reach	hirogaru
他	others, other things	hoka
グラス	glass	gurasu
留学	studying abroad	ryuugaku
停留所	stop, station	teiryuusho
書留	registered mail	kakitome
自然	nature	shizen
守る	protect, observe	mamoru
自然	natural, naturally	shizen
約束	promise, vow	yakusoku
留守	not at home	rusu
主人	master, husband	shujin
自宅	one's house, one's home	jitaku
お宅	your home, you, fan, geek	otaku
大変	awful, serious	taihen
交通事故	traffic accident	koutsuujiko
ベッド	bed	beddo
ぐっすり	soundly	gussuri
昼寝	siesta, nap	hirune
住宅	housing, residence	juutaku
静か	quiet, tranquil	shizuka
暇	free time, spare time	hima
趣味	hobby, interest	shumi
両方	both	ryouhou
両替	money changing, exchange of money	ryougae
片道	one way	katamichi
内側	inside, interior	uchigawa
パトカー	police car, patrol car	patokaa
向こう側	other side	mukougawa
外側	exterior, outside	sotogawa
左側	left side	hidarigawa
右側	right side	migigawa
裏	rear, reverse, inside	ura
裏返す	turn over, turn inside out	urakaesu
週刊誌	weekly magazine	shuukanshi
朝刊	morning edition	choukan
夕刊	evening edition	yuukan
小説	novel, story	shousetsu
詳しい	detailed, complete	kuwashii
細かい	minute, elaborate	komakai
みかん	tangerine, mandarin orange	mikan
細か	minute, elaborate	komaka
積もる	accumulate, get accumulated	tsumoru
訳	translation, rendering	wake
訳す	translate	yakusu
検討	consideration, inspection	kentou
プログラム	program	puroguramu
付ける	attach, set, apply	tsukeru
ナイロン	nylon	nairon
こちら	here, this way	kochira
受け付ける	receive, accept	uketsukeru
片付ける	put in order, dispose of, do away with	katazukeru
受付	receptionist, information office	uketsuke
近付く	approach, get acquainted	chikazuku
リボン	ribbon	ribon
片付く	be put in order, be settled	katazuku
気を付ける	take care of, pay attention to	kiwotsukeru
記念日	memorial day, anniversary	kinenbi
残念	regretful, disappointing	zannen
行き	going	iki
具体的	concrete, specific	gutaiteki
例えば	for example	tatoeba
例文	illustrative sentence, example	reibun
例	example, precedent	rei
余る	remain over, be in excess	amaru
除く	rid of, exclude	nozoku
削る	grind down, trim, scale back	kezuru
やはり	as expected, also, still	yahari
遅刻	tardiness, lateness	chikoku
緩い	slack, loose	yurui
数字	figure, numeral	suuji
苦しい	painful, difficult	kurushii
苦い	bitter, sour	nigai
苦手	person that is hard to deal with, weak point	nigate
困る	be at a loss, in a jam, in trouble	komaru
貧乏	poverty, destitution	binbou
ジュース	juice, soft drink	juusu
不幸	unhappiness, misfortune, bereavement	fukou
幸せ	happiness, good fortune	shiawase
加える	add, include	kuwaeru
少々	a little, a few	shoushou
塩	salt	shio
塩辛い	salty	shiokarai
ちょっと	just a moment, just a little, easily	chotto
砂糖	sugar	satou
規模	scale, scope	kibo
農業	agriculture	nougyou
濃い	thick, concentrated, dark-colored	koi
薄い	thin, weak, pale	usui
味	taste, flavor	aji
厚い	thick, bulky	atsui
迫る	press, close in on, be imminent	semaru
ゴム	elastic	gomu
業者	businessman	gyousha
越える	go over, go across, go beyond	koeru
引っ越し	moving	hikkoshi
追い越す	outrun, overtake	oikosu
上昇	ascension, rising	joushou
確か	for sure, for certain	tashika
改札口	ticket barrier, wicket	kaisatsuguchi
失礼	impoliteness, bad manners, I beg your parden/Goodbye	shitsurei
お礼	thanks, reward, return present	orei
どなた	who	donata
謝る	apologize	ayamaru
注射	injection, shot	chuusha
社員	staff member, employee	shain
誘う	invite, ask out	sasou
導入	introduction	dounyuu
努力	endeavor, effort	doryoku
当然	natural, as a matter of course	touzen
めったに	rarely	mettani
独身	single life, celibacy	dokushin
家内	my wife	kanai
処理	management, process	shori
紹介	introduction, presentation	shoukai
招く	invite, beckon, engage	maneku
ソース	sauce, Worcestershire sauce	soosu
招待	invitation	shoutai
生まれる	be born, come into existence	umareru
夫婦	husband and wife, married couple	fuufu
ネックレス	necklace	nekkuresu
二人	two persons	futari
奥さん	married lady, your wife	okusan
年下	younger, junior	toshishita
競争	competition	kyousou
方向	direction, course	houkou
見物	sightseeing, visit	kenbutsu
知らせる	let know, inform	shiraseru
皆さん	everybody, ladies and gentlemen	minasan
皆様	everyone, ladies and gentlemen	minasama
経営	management, operation	keiei
大統領	president (of a country)	daitouryou
相手	opponent	aite
未来	future	mirai
盗む	steal, rob	nusumu
誰か	someone	dareka
国籍	nationality, citizenship	kokuseki
愛	love	ai
可愛い	cute, charming, sweet	kawai
着せる	dress, put on clothes	kiseru
恋人	lover, sweetheart	koibito
プレゼント	present, gift	purezento
誕生日	birthday	tanjoubi
ケーキ	cake	keeki
祝日	holiday, festival day	shukujitsu
お祝い	celebrate	oiwai
実現	implementation, realization	jitsugen
泣く	cry, weep	naku
涙	tear	namida
こぼれる	spill, overflow	koboreru
喜ぶ	be happy, be delighted	yorokobu
恥ずかしい	shy, ashamed, disgraceful	hazukashii
弁当	box lunch, picnic lunch	bentou
高さ	height	takasa
登る	climb, mount, go up	noboru
看護婦	female nurse	kangofu
訴える	sue	uttaeru
迷う	be perplexed, hesitate, get lost	mayou
占める	occupy, hold	shimeru
ベルト	belt	beruto
迷惑	trouble, annoyance	meiwaku
地域	region, area	chiiki
活動	activity	katsudou
住民	residents, dwellers	juumin
危険	danger, dangerous	kiken
政権	political power	seiken
贈る	offer, give	okuru	1
贈り物	present, gift	okurimono
与える	give	ataeru
資金	funds, capital	shikin
貯金	savings, deposit	chokin
毎月	every month	maitsuki
預かる	receive on deposit, take charge of	azukaru
分野	field, sphere	bunya
料理	cooking, handling	ryouri
得意	one's forte, pride, customer	tokui
ギター	guitar	gitaa
理科	science	rika
バレーボール	volleyball	bareebooru
燃える	burn, undergo combustion	moeru
焼ける	burn, be scorched, be baked	yakeru
すき焼き	sukiyaki	sukiyaki
肉	flesh, meat	niku
焼く	burn, bake, be envious	yaku
乾杯	a toast	kanpai
乾かす	dry	kawakasu
新幹線	Shinkansen, Bullet Train	shinkansen
速さ	speed	hayasa
行き	going	iki
素晴らしい	splendid, excellent	subarashii
家庭	home, family	katei
花	flower	hana
咲く	bloom, blossom	saku
桜	cherry tree, cherry blossom	sakura
吹く	blow, play on a wind instrument	fuku
毎日	every day	mainichi
海岸	seashore, coast	kaigan
あちこち	all over	achikochi
植える	plant, raise	ueru
庭	garden, court	niwa
屋根	roof	yane
厚さ	thickness	atsusa
黒板	blackboard	kokuban
掲示板	notice board, bulletin board	keijiban
チョーク	chalk	chooku
フォーク	fork	fooku
牛	cattle, cow	ushi
草	grass, weed	kusa
葉	leaf, needle	ha
絵葉書	picture postcard	ehagaki
葉書	postcard	hagaki
警察	police	keisatsu
どうぞ	please	douzo
タクシー	taxi, cab	takushii
親しい	intimate, familiar	shitashii
救急車	ambulance	kyuukyuusha
ウェートレス	waitress	ueetoresu
吸う	inhale, suck	suu
たばこ	tobacco, cigarette	tabako
普及	diffusion, spread	fukyuu
手術	surgical operation	shujutsu
効果	effect, result	kouka
胃	stomach	i
割る	divide, crack, split	waru
皿	plate, counter for plates or helpings	sara
血	blood	chi
内容	contents	naiyou
会談	conversation, meeting	kaidan
背景	background, scenery, setting	haikei
実際	truth, actual state	jissai
かゆい	itchy	kayui
滑る	slide, slip, flunk an examination	suberu
骨	bone, frame, spirit	hone
健康	healthy	kenkou
水泳	swimming	suiei	1
珍しい	rare, precious	mezurashii
ビデオ	video	bideo
撮る	photograph, shoot, film	toru
国会	National Diet, parliament	kokkai
再び	again, a second time	futatabi
再来年	the year after next	sarainen
再来月	the month after next	saraigetsu
再来週	the week after next	saraishuu
放送	broadcasting	housou
装置	equipment, device	souchi
仮名	kana, Japanese syllabary	kana
送り仮名	kana suffix	okurigana
悲しむ	feel sad, lament	kanashimu
あまり	(not) much	amari
流れる	flow, pass, drift away	nagareru
ビール	beer, lager	biiru
美術館	art museum	bijutsukan
美人	beautiful woman	bijin
すいか	watermelon	suika
博物館	museum	hakubutsukan
ハム	ham	hamu
開催	holding (of an event), opening	kaisai
特徴	distinctive feature, characteristic	tokuchou
今回	this time	konkai
許す	permit, license, forgive	yurusu
免許証	license	menkyoshou
述べる	state orally, expound, mention	noberu
食事	meal, dinner	shokuji
代わる	substitute, be substituted for	kawaru
固い	stiff, tight	katai
厳しい	strict, severe, intense	ikameshii
教師	teacher, instructor	kyoushi
進める	advance, promote	susumeru
設ける	set up, establish	moukeru
実験	experiment	jikken
教授	professor	kyouju
間に合う	be in time, answer the purpose, can do without	maniau
伝える	convey, transmit, hand down	tsutaeru
忙しい	busy, occupied	isogashii
逃げる	escape, run away	nigeru
鳥	bird, poultry	tori
鳴る	sound, ring, roar	naru
鳴く	cry, chirp, meow	naku
目覚まし時計	alarm clock	mezamashitokei
声	voice, sound	koe
テープレコーダー	tape recorder, cassette recorder	teepurekoodaa
卵	egg	tamago
やる	give (to an inferior)	yaru
隣	neighboring house, next seat	tonari
振る	wave, shake, brandish	furu
助ける	help, save	tasukeru
駐車場	parking area	chuushajou
騒ぐ	make a racket, mess around, make a fuss	sawagu
刺身	sashimi, sliced raw meat	sashimi
激しい	violent, intense	hageshii
スリッパ	slippers	surippa
降る	fall, come down	furu
示す	show, indicate	shimesu
歴史	history	rekishi
驚く	be surprised, be startled	odoroku
強さ	strength, power	tsuyosa
停車	stoppage	teisha
木	tree, wood	ki
倒れる	fall over, succumb	taoreru
倒す	bring down, overthrow, defeat	taosu
傾向	tendency, disposition	keikou
急	urgent, dire, pressing	kyuu
よろしい	all right	yoroshii
柔道	judo	juudou
柔らか	soft, tender, gentle	yawaraka
主張	insistence, assertion	shuchou
テント	tent	tento
引っ張る	pull, drag	hipparu
消える	be extinguished, disappear	kieru
突き当たる	hit against, come to the end of	tsukiataru
突き当たり	end of a street	tsukiatari
文字	character, letter	moji
塗る	spread on, paint	nuru
弾く	play on	hiku
地球	the Earth	chikyuu
丸い	round	marui
丸	circle or sphere, wholeness	maru
攻撃	attack, criticism	kougeki
消防車	fire engine	shoubousha
殺す	kill, smother	korosu
嫌	dislike, have a dislike for	iya
歯医者	dentist	haisha
大嫌い	hate	daikirai
ラッシュアワー	rush hour	rasshuawaa
にんじん	carrot	ninjin
アクセサリー	accessories, jewelry	akusesarii
大勢	large numbers, a lot of	oozei
姿	figure, appearance	sugata
姿勢	posture, attitude	shisei
夢	dream	yume
恐ろしい	terrible, awful	osoroshii
怖い	fearful, be afraid	kowai
孫	grandchild	mago
木綿	cotton	momen
偉い	great, famous, eminent	erai
爪	nail, claw	tsume
奥	inner part, the back, inner chamber	oku
机	desk, table	tsukue
貼る	stick, paste	haru
組み立てる	build, set up, construct	kumitateru
棚	cupboard, shelf, rack	tana
本棚	bookshelf	hondana
折れる	snap, be folded, give in	oreru
用いる	use, make use of	mochiiru
商業	commerce, trade	shougyou
方針	course, policy	houshin
糸	thread, yarn	ito
釣る	angle, fish	tsuru
お釣り	change	otsuri
預ける	deposit, entrust	azukeru
無くす	lose, get rid of	nakusu
鍋	pan, saucepan	nabe
うまい	delicious, tasty	umai
こぼす	spill	kobosu
寿司	sushi	sushi
夕飯	evening meal, supper	yuuhan
昼食	lunch	chuushoku
シャワー	shower	shawaa
ただ	free	tada
泥棒	thief, crook	dorobou
沸かす	boil, excite	wakasu
やかん	kettle	yakan
乾く	dry, run dry	kawaku
洗濯機	washing machine	sentakuki
洗濯	laundering, washing	sentaku
濡れる	get wet	nureru
喫茶店	coffee shop, tea house, café	kissaten
怠ける	be lazy, neglect	namakeru
一生懸命	for life, with all one's might	isshoukenmei
休憩	rest, repose	kyuukei
天井	ceiling	tenjou
納豆	natto (fermented soybeans)	nattou
朝食	breakfast	choushoku
まく	scatter, plant	maku
化粧	make up, put on makeup	keshou
畑	field, vegetable garden	hatake
炊く	cook, boil	taku
自炊	cooking food for oneself	jisui
灰皿	ashtray	haizara
灰	ashes	hai
灰色	ash color, gray	haiiro
西暦	Christian Era, A.D.	seireki
伸びる	stretch, grow	nobiru
髪	hair, hairstyle	kami
鏡	mirror	kagami
美容院	beauty shop	biyouin
くし	comb	kushi
とんとん	tapping	tonton
舌	tongue	shita
臭い	ill-smelling, stinking	kusai
匂い	smell, odor	nioi
居る	be present	iru
より	more, further	yori
履く	put on footwear, wear	haku
戸	door, shutter	ko
扇風機	electric fan	senpuuki
ドライブ	drive	doraibu
豚	pig, pork	buta
豚肉	pork, hog meat	butaniku
鶏	chicken, hen	niwatori
刺す	stab, prick, sting	sasu
腕時計	wrist watch	udedokei
分ける	divide into parts, sort, share	wakeru	1
半分	half	hanbun
お菓子	sweets, snacks	okashi
お土産	souvenir	omiyage
お辞儀	bow	ojigi
寝坊	late riser, oversleeping	nebou
旗	flag, banner	hata
鉛筆	pencil	enpitsu
万年筆	fountain pen	mannenhitsu
箱	box, case	hako
セロテープ	cellophane tape, Scotch tape, Sellotape	seroteepu
下ろす	bring down, take down, pull down	kudarosu
本箱	bookcase	honbako
ビニール	plastic bag	biniiru
手袋	gloves	tebukuro
袋	bag, sack	fukuro
落とす	drop, omit	otosu
拾う	pick up, find	hirou
ポケット	pocket	poketto
財布	purse, wallet	saifu
柔らかい	soft	yawarakai
毛布	blanket	moufu
押し入れ	closet	oshiire
引き出し	drawer, withdrawal	hikidashi
中	inside, middle	naka
レシート	receipt	reshiito
アイスコーヒー	iced coffee	aisukoohii
小包	parcel, package	kozutsumi
包む	wrap, pack	tsutsumu
飾る	decorate, exhibit	kazaru
手帳	pocketbook, memo	techou
電話帳	telephone book	denwachou
牛乳	milk	gyuunyuu
玄関	entrance, door	genkan
ベル	bell	beru
眼鏡	glasses, judgment	megane
患者	patient	kanja
赤ちゃん	baby	akachan
眠い	sleepy	nemui
眠る	sleep	nemuru
大きさ	size, dimensions	ookisa
封筒	envelope	fuutou
壁	wall, partition	kabe
鍵	key, lock	kagi
出掛ける	go out, be about to go out	dekakeru
用事	things to do, errand, business	youji
掛かる	hang, splash, require	kakaru
掛け算	multiplication	kakezan
拍手	applause, clapping	hakushu
トイレ	toilet	toire
掃除	cleaning	souji
掃除機	vacuum cleaner	soujiki
握る	grasp, make hand-rolled sushi balls	nigiru
握手	handshake, handshaking	akushu
迎える	welcome, go out to meet, invite	mukaeru
お巡りさん	policeman	omegurisan
カラー	color	karaa
幾つ	how many, how old	ikutsu
移す	move, shift, transfer	utsusu
いつか	some time, some day	itsuka
力	strength, power	chikara
批判	criticism, comment	hihan
冗談	joke	joudan
寂しい	lonely, desolate, sad	sabishii
丁寧	polite, courteous, careful	teinei
後	after, afterwards	nochi
可哀相	poor, pitiable	kawaisou
事故	accident, incident	jiko
怪我	injury	kega
ひざ	knee	hiza
ひじ	elbow	hiji
我慢	patience, self-restraint	gaman
幼稚園	kindergarten	youchien
太陽	sun	taiyou
隠れる	hide, disappear	kakureru
日陰	the shade	hikage
随分	extremely, considerably	zuibun
犬	dog	inu
試験	test, examination	shiken
頑張る	persist, be tenacious	ganbaru
頃	time	goro
かつて	once, formerly	katsute
大抵	generally, mostly	taitei
この頃	now, these days, recently	konogoro
消防署	fire station	shoubousho
尋ねる	inquire, search for	tazuneru
パーセント	percent	paasento
絶対に	absolutely, unconditionally	zettaini
缶詰	canned goods, cooping-up	kanzume
缶	can, tin	kan
腐る	rot, corrode	kusaru
豆腐	tofu	toufu
床	floor	toko
床屋	barber, barbershop	tokoya
掃く	sweep, brush	haku
畳	tatami, mat	tatami
畳む	fold, shut	tatamu
布団	futon, bedquilt	futon
干す	dry, desiccate	hosu
目立つ	stand out, be conspicuous	medatsu
帽子	cap, hat	boushi
被る	wear, put on	koumuru
是非	by all means, at any cost	zehi
敬語	honorific language, polite speech	keigo
敷く	lay, spread	shiku
馬	horse	uma
雷	thunder, lightning	kaminari
零	zero, naught	rei
仕舞う	put away	shimau
踊る	dance	odoru
踊り	dance, dancing	odori
踏む	step on, tread on	fumu
踏切	railroad crossing	fumikiri
蹴る	kick	keru
食堂	dining hall, restaurant	shokudou
生む	have children	umu
猫	cat, feline	neko
毛	hair, wool	ke
文章	writing, prose	bunshou
程度	degree, extent	teido
歯	tooth, cog	ha
散歩	walk, stroll	sanpo
尊敬	respect, esteem, honor	sonkei
お祖父さん	grandfather	osofusan
折る	break off, fold, bend	oru
早起き	early rising	hayaoki
冬休み	winter vacation	fuyuyasumi
お祖母さん	grandmother	osobosan
丈夫	healthy, stout	joubu
祖父	grandfather	sofu
祖母	grandmother	sobo
欠席	absence, nonattendance	kesseki
邪魔	disturbing	jama
治す	cure, heal	naosu
風邪薬	remedy for a cold	kazegusuri
沸く	boil, be excited	waku
転ぶ	tumble down, fall over	korobu
風呂屋	bathhouse, public bath	furoya
ぬるい	tepid, lukewarm	nurui
風呂	bath	furo
湯	hot water, hot bath, bathhouse	yu
昭和	Showa era	shouwa
紫	purple	murasaki
レモン	lemon	remon
紅茶	black tea	koucha
梅雨	rainy season	tsuyu
桃	peach, peach tree	momo
遭う	meet with, encounter	au
枕	pillow	makura
嘘	lie	uso
怒る	get angry, scold	ikaru
遠慮	reserve, hesitation, forethought	enryo
叱る	scold, tell off, reprimand	shikaru
傘	umbrella, parasol	kasa
お嬢さん	young lady, your daughter	ojousan
年賀状	New Year's card	nengajou
賑やか	lively, exciting	nigiyaka
蚊	mosquito	ka
拭く	wipe, dry	fuku
会長	president, chairperson	kaichou
挨拶	greet, greeting	aisatsu
伴う	accompany, go with	tomonau
巻く	roll up, wind, wrap	maku
着く	arrive, make contact, settle	tsuku
引っ越す	move, change quarters	hikkosu
おば	aunt	oba
両親	parents	ryoushin
合う	fit	au
穴	hole, cavity	ana
デパート	department store, department	depaato
靴	shoes, boots	kutsu
付く	attach itself to, be connected with, come in contact with	tsuku
気に入る	like, be pleased with	kiniiru
脱ぐ	remove clothes, take off	nugu
靴下	socks, stockings	kutsushita
幾ら	how much	ikura
汚れ	dirt, filth	yogore
ひも	laces, string, rope	himo
磨く	polish, grind	migaku
歯磨き	toothpaste, brushing one's teeth	hamigaki
廊下	hallway, corridor	rouka
ガラス	glass	garasu
瓶	bottle, flask	kame
褒める	praise, commend	homeru
元旦	New Year's Day	gantan
池	pond	ike
袖	sleeve	sode
長袖	clothes with long sleeves	nagasode
半袖	short-sleeved shirt	hansode
馬鹿	fool, nonsense	baka
凄い	wonderful, great, incredible	sugoi
剃る	shave	soru
ひどい	cruel, severe	hidoi
喧嘩	fight, quarrel, argument	kenka
からから	thirsty, dry	karakara
叩く	tap, hit	tataku
噛む	bite, chew	kamu
足す	add, supplement	tasu
味噌汁	miso soup	misoshiru
姪	niece	mei
苺	strawberry	ichigo
茄子	eggplant	nasu
逢う	meet	au
椅子	chair	isu
形	shape, form	katachi
痩せる	lose weight, become thin	yaseru
箸	chopsticks	hashi
糊	glue, starch	nori
醤油	soy sauce	shouyu
鋏	scissors, pincers, tongs	hasami
鞄	bag, handbag, briefcase	kaban
顎	jaw, chin	ago
飴	candy, sweets	ame
